Date,Open,High,Low,Close,Volume,ticker
2019-01-01,40.15,40.6,40.02,40.3,89367424,AAPL
2019-01-02,40.76,41.03,40.4,40.97,62558437,AAPL
2019-01-03,41.76,42.03,41.19,41.27,61901255,AAPL
2019-01-04,40.2,40.4,39.98,40.3,2715919,AAPL
2019-01-07,41.55,41.72,40.7,41.04,25070839,AAPL
2019-01-08,41.5,41.58,41.06,41.42,76445288,AAPL
2019-01-09,41.04,41.46,40.76,41.04,14788863,AAPL
2019-01-10,40.97,41.72,40.91,41.54,19092265,AAPL
2019-01-11,42.35,42.74,41.71,41.86,23736312,AAPL
2019-01-14,42.36,42.57,41.93,42.14,73994308,AAPL
2019-01-15,42.37,42.53,42.17,42.2,29486199,AAPL
2019-01-16,42.64,42.87,42.54,42.68,80602894,AAPL
2019-01-17,41.97,42.19,41.64,42.13,77456393,AAPL
2019-01-18,41.54,42.18,41.46,42.04,79914468,AAPL
2019-01-21,42.08,42.42,41.55,41.7,54433896,AAPL
2019-01-22,42.33,42.61,42.16,42.21,62358905,AAPL
2019-01-23,42.15,42.54,41.62,42.28,44415322,AAPL
2019-01-24,41.85,42.4,41.79,42.09,63577803,AAPL
2019-01-25,41.57,42.0,41.43,41.51,17685686,AAPL
2019-01-28,41.32,41.36,41.12,41.35,89615416,AAPL
2019-01-29,42.05,42.32,40.93,41.4,31491390,AAPL
2019-01-30,41.53,41.66,40.84,41.22,4527033,AAPL
2019-01-31,42.05,42.31,41.94,42.28,54612509,AAPL
2019-02-01,42.69,43.24,42.61,43.13,76242692,AAPL
2019-02-04,40.94,41.35,40.38,41.02,50419156,AAPL
2019-02-05,39.29,40.24,39.08,39.62,56437852,AAPL
2019-02-06,39.56,39.62,39.52,39.53,87515070,AAPL
2019-02-07,39.41,39.56,39.0,39.25,85625706,AAPL
2019-02-08,39.69,39.87,39.33,39.45,25571455,AAPL
2019-02-11,39.81,39.85,39.62,39.65,82571156,AAPL
2019-02-12,41.24,42.02,40.87,41.3,56258082,AAPL
2019-02-13,40.72,41.12,40.39,40.48,9970904,AAPL
2019-02-14,39.91,40.99,39.46,40.23,48152940,AAPL
2019-02-15,41.84,42.17,41.4,41.86,54691219,AAPL
2019-02-18,42.75,43.2,42.01,42.41,84862112,AAPL
2019-02-19,43.12,43.62,42.92,42.99,41011382,AAPL
2019-02-20,42.11,42.98,41.81,42.61,16020955,AAPL
2019-02-21,40.91,41.5,40.31,41.35,26329750,AAPL
2019-02-22,40.89,41.57,40.61,41.52,12636251,AAPL
2019-02-25,42.36,42.71,41.52,41.64,17316406,AAPL
2019-02-26,40.14,40.88,39.67,40.73,41154676,AAPL
2019-02-27,40.2,40.34,40.05,40.24,9790940,AAPL
2019-02-28,40.93,41.14,39.92,40.22,87535904,AAPL
2019-03-01,39.96,40.55,39.44,39.55,11222465,AAPL
2019-03-04,40.02,40.41,39.41,39.51,57599067,AAPL
2019-03-05,39.45,40.03,39.27,39.62,43653716,AAPL
2019-03-06,39.98,40.54,39.6,39.69,33929885,AAPL
2019-03-07,40.49,41.13,39.25,39.35,22208130,AAPL
2019-03-08,39.83,40.08,39.82,39.83,11994504,AAPL
2019-03-11,40.72,40.88,40.45,40.54,18430625,AAPL
2019-03-12,40.72,41.36,40.3,40.83,88043036,AAPL
2019-03-13,40.25,40.43,39.97,40.24,68438752,AAPL
2019-03-14,41.0,41.55,40.76,40.84,57461556,AAPL
2019-03-15,41.04,41.19,40.43,40.49,5129231,AAPL
2019-03-18,40.88,41.41,40.68,41.21,13242190,AAPL
2019-03-19,39.89,40.81,39.78,40.42,84783147,AAPL
2019-03-20,41.19,41.36,40.97,41.17,42137106,AAPL
2019-03-21,41.29,41.73,40.81,41.19,26363161,AAPL
2019-03-22,40.82,41.08,40.02,40.27,55525649,AAPL
2019-03-25,40.35,40.89,39.84,40.07,3256213,AAPL
2019-03-26,39.93,40.24,39.87,40.15,38289362,AAPL
2019-03-27,40.62,41.05,40.02,40.39,17068929,AAPL
2019-03-28,40.12,40.87,39.38,39.69,26532148,AAPL
2019-03-29,39.02,39.4,38.85,38.9,52050848,AAPL
2019-04-01,38.98,39.38,38.9,39.09,64962728,AAPL
2019-04-02,39.04,39.56,38.57,38.78,70640350,AAPL
2019-04-03,38.88,39.1,38.75,38.99,33489014,AAPL
2019-04-04,38.91,39.7,38.65,39.59,43050141,AAPL
2019-04-05,38.91,38.96,38.11,38.42,78875674,AAPL
2019-04-08,38.18,38.9,37.89,38.64,65492305,AAPL
2019-04-09,39.47,39.83,38.82,39.58,52452068,AAPL
2019-04-10,39.29,39.78,39.25,39.4,84259229,AAPL
2019-04-11,38.72,38.87,38.53,38.83,77919949,AAPL
2019-04-12,39.33,39.51,39.0,39.43,52104647,AAPL
2019-04-15,39.13,39.72,38.74,39.65,79509229,AAPL
2019-04-16,40.58,40.71,40.05,40.37,62682759,AAPL
2019-04-17,40.17,40.42,39.58,40.15,16490654,AAPL
2019-04-18,39.1,39.35,38.54,39.07,47451676,AAPL
2019-04-19,39.44,39.87,38.94,39.03,82158081,AAPL
2019-04-22,39.15,39.17,38.65,38.74,2121619,AAPL
2019-04-23,39.86,39.9,38.68,39.35,55455506,AAPL
2019-04-24,40.23,40.45,39.3,39.53,71545167,AAPL
2019-04-25,38.54,38.74,38.04,38.37,89608720,AAPL
2019-04-26,37.01,37.8,36.82,37.55,42696493,AAPL
2019-04-29,38.3,38.93,37.93,38.21,31088664,AAPL
2019-04-30,38.76,38.89,38.57,38.75,12699350,AAPL
2019-05-01,38.35,38.42,37.98,38.32,85591557,AAPL
2019-05-02,38.14,38.49,37.91,38.35,69331719,AAPL
2019-05-03,38.4,39.16,38.25,38.71,16093644,AAPL
2019-05-06,39.4,39.74,38.9,39.09,10005032,AAPL
2019-05-07,40.16,40.62,39.52,39.79,36863438,AAPL
2019-05-08,39.6,40.31,39.11,40.02,53099325,AAPL
2019-05-09,40.2,40.4,39.91,39.98,64537953,AAPL
2019-05-10,39.77,40.18,39.53,39.83,59254707,AAPL
2019-05-13,40.53,40.69,40.39,40.67,32311513,AAPL
2019-05-14,39.27,39.47,38.61,39.01,50233309,AAPL
2019-05-15,38.94,39.29,38.33,38.95,3396591,AAPL
2019-05-16,38.81,39.38,38.12,39.01,44085480,AAPL
2019-05-17,38.04,38.41,37.67,38.01,84124002,AAPL
2019-05-20,37.57,38.56,37.31,38.28,4491846,AAPL
2019-05-21,37.65,37.89,37.51,37.85,18282993,AAPL
2019-05-22,38.36,38.68,38.27,38.51,52418131,AAPL
2019-05-23,37.96,38.77,37.81,38.45,12379762,AAPL
2019-05-24,39.05,39.27,38.9,38.98,76734396,AAPL
2019-05-27,40.04,40.51,39.78,39.93,75061779,AAPL
2019-05-28,40.03,40.32,39.9,40.26,32351597,AAPL
2019-05-29,39.58,39.94,39.57,39.63,50564006,AAPL
2019-05-30,38.8,39.44,38.53,38.55,42034494,AAPL
2019-05-31,40.29,40.88,39.53,39.89,58636927,AAPL
2019-06-03,39.56,40.13,39.48,39.84,57214323,AAPL
2019-06-04,39.5,39.53,39.26,39.36,15586936,AAPL
2019-06-05,39.9,40.03,39.01,39.51,62222636,AAPL
2019-06-06,39.4,39.57,39.34,39.4,70973879,AAPL
2019-06-07,39.79,40.2,39.65,40.08,35549511,AAPL
2019-06-10,39.86,40.34,39.77,40.15,27896477,AAPL
2019-06-11,40.08,40.28,40.06,40.19,66090057,AAPL
2019-06-12,39.31,39.79,39.26,39.69,29390818,AAPL
2019-06-13,40.85,40.86,40.08,40.09,34050062,AAPL
2019-06-14,39.14,39.71,38.55,39.35,68561569,AAPL
2019-06-17,40.03,40.11,39.85,39.88,30315117,AAPL
2019-06-18,41.16,41.28,40.92,41.09,3855433,AAPL
2019-06-19,40.2,40.27,39.89,39.96,57765690,AAPL
2019-06-20,38.04,38.38,37.79,38.18,14066704,AAPL
2019-06-21,38.19,38.72,37.95,38.66,19045552,AAPL
2019-06-24,41.24,41.39,40.58,40.61,89834459,AAPL
2019-06-25,39.85,40.09,39.74,39.88,66525156,AAPL
2019-06-26,39.03,39.1,38.95,38.99,77688151,AAPL
2019-06-27,39.54,39.58,39.37,39.46,7187451,AAPL
2019-06-28,39.34,39.42,38.86,38.88,42246241,AAPL
2019-07-01,38.82,38.89,38.49,38.54,2784568,AAPL
2019-07-02,38.75,39.44,38.18,38.33,63388704,AAPL
2019-07-03,39.05,39.28,38.71,38.75,16217632,AAPL
2019-07-04,38.55,39.09,38.29,38.49,83750371,AAPL
2019-07-05,38.83,39.21,38.7,38.73,60599353,AAPL
2019-07-08,38.37,38.68,38.18,38.64,27096969,AAPL
2019-07-09,37.37,38.36,37.33,38.06,48569272,AAPL
2019-07-10,37.79,38.25,37.48,37.87,73065393,AAPL
2019-07-11,36.86,37.26,36.61,37.23,36712395,AAPL
2019-07-12,38.18,38.48,37.17,37.27,25188558,AAPL
2019-07-15,37.06,37.24,36.27,36.52,12311288,AAPL
2019-07-16,36.21,36.5,35.63,35.81,74689110,AAPL
2019-07-17,36.66,36.93,36.59,36.85,85002866,AAPL
2019-07-18,37.56,37.83,36.73,36.84,67916225,AAPL
2019-07-19,36.25,37.07,36.24,36.84,21292691,AAPL
2019-07-22,36.81,37.56,36.54,37.24,69235587,AAPL
2019-07-23,36.7,37.08,36.59,36.98,42860944,AAPL
2019-07-24,36.52,36.98,36.47,36.85,20539129,AAPL
2019-07-25,37.23,37.25,36.93,37.18,62071349,AAPL
2019-07-26,37.49,38.0,37.29,37.42,42866973,AAPL
2019-07-29,37.3,37.38,35.85,36.64,24395263,AAPL
2019-07-30,37.61,37.7,36.84,37.26,34395959,AAPL
2019-07-31,37.31,37.64,36.82,36.88,19376377,AAPL
2019-08-01,36.33,36.63,36.18,36.19,32356211,AAPL
2019-08-02,35.56,35.87,35.55,35.61,51873451,AAPL
2019-08-05,35.15,35.42,34.64,35.38,42467319,AAPL
2019-08-06,36.0,37.22,35.96,36.52,37618163,AAPL
2019-08-07,35.46,36.03,35.32,35.75,11779588,AAPL
2019-08-08,35.77,36.15,35.57,35.9,62976250,AAPL
2019-08-09,34.76,34.9,34.24,34.51,20484101,AAPL
2019-08-12,33.99,34.79,33.55,34.54,66974332,AAPL
2019-08-13,34.71,35.45,34.71,35.17,11404354,AAPL
2019-08-14,35.11,35.27,34.92,35.04,11612136,AAPL
2019-08-15,34.32,34.93,34.23,34.66,19357555,AAPL
2019-08-16,34.96,35.38,34.47,34.85,65150658,AAPL
2019-08-19,35.21,35.67,34.94,35.34,47497808,AAPL
2019-08-20,35.57,35.98,35.41,35.82,12361117,AAPL
2019-08-21,36.75,37.46,36.67,37.22,27507584,AAPL
2019-08-22,37.37,37.77,37.35,37.4,80505894,AAPL
2019-08-23,36.77,37.49,36.15,37.02,87606035,AAPL
2019-08-26,36.75,37.01,36.38,36.97,70423774,AAPL
2019-08-27,36.73,36.96,36.26,36.95,17406227,AAPL
2019-08-28,37.13,37.14,36.61,37.06,72481266,AAPL
2019-08-29,37.13,37.21,37.02,37.08,51615746,AAPL
2019-08-30,36.63,37.25,36.29,37.24,78376544,AAPL
2019-09-02,36.06,36.18,35.97,36.11,83908678,AAPL
2019-09-03,36.86,36.98,36.45,36.72,19725233,AAPL
2019-09-04,36.71,36.81,36.19,36.36,60569509,AAPL
2019-09-05,35.86,36.0,35.45,35.59,72424173,AAPL
2019-09-06,36.13,36.21,36.0,36.06,20825120,AAPL
2019-09-09,36.6,37.17,36.6,37.0,76603121,AAPL
2019-09-10,37.11,37.41,36.54,37.39,89538589,AAPL
2019-09-11,37.86,38.01,37.51,37.54,72510533,AAPL
2019-09-12,36.67,37.49,36.39,36.91,15283667,AAPL
2019-09-13,39.39,39.87,38.79,39.01,68153281,AAPL
2019-09-16,40.18,40.6,39.59,39.7,49533352,AAPL
2019-09-17,38.5,38.91,38.36,38.89,79997099,AAPL
2019-09-18,38.52,38.53,38.32,38.36,80674929,AAPL
2019-09-19,38.42,38.47,38.14,38.46,36635861,AAPL
2019-09-20,38.1,38.64,37.1,37.38,47839557,AAPL
2019-09-23,37.84,38.36,37.07,37.54,82993713,AAPL
2019-09-24,37.07,37.29,36.86,37.25,86341112,AAPL
2019-09-25,38.31,38.67,38.11,38.16,32720547,AAPL
2019-09-26,38.56,38.99,38.45,38.9,71020489,AAPL
2019-09-27,36.94,37.13,36.79,36.99,66710650,AAPL
2019-09-30,37.13,37.53,36.9,37.05,57320731,AAPL
2019-10-01,36.02,36.3,35.79,35.97,13165855,AAPL
2019-10-02,36.88,37.11,36.73,36.77,54307248,AAPL
2019-10-03,36.61,37.21,36.58,36.92,3525586,AAPL
2019-10-04,36.69,37.81,36.36,37.34,76411530,AAPL
2019-10-07,36.51,36.83,36.46,36.63,48206297,AAPL
2019-10-08,37.64,38.17,37.33,37.96,26048509,AAPL
2019-10-09,39.21,39.72,39.21,39.47,16414283,AAPL
2019-10-10,39.5,39.97,38.59,38.72,27159685,AAPL
2019-10-11,39.46,39.53,38.49,39.03,56845139,AAPL
2019-10-14,38.51,38.82,38.36,38.58,19743668,AAPL
2019-10-15,38.07,38.67,37.96,38.6,6297354,AAPL
2019-10-16,37.26,37.94,36.9,37.72,69332147,AAPL
2019-10-17,39.24,39.45,39.06,39.11,27785333,AAPL
2019-10-18,38.83,38.95,38.05,38.44,14633297,AAPL
2019-10-21,38.16,38.36,37.42,38.26,47660389,AAPL
2019-10-22,38.71,39.34,38.24,38.66,84821261,AAPL
2019-10-23,38.32,38.4,38.23,38.23,89714676,AAPL
2019-10-24,38.47,38.56,37.88,38.09,73681148,AAPL
2019-10-25,37.05,37.84,36.98,37.72,70226976,AAPL
2019-10-28,37.72,37.87,37.53,37.66,22826826,AAPL
2019-10-29,37.02,37.07,36.69,36.88,66918263,AAPL
2019-10-30,36.93,37.03,36.39,36.61,40751984,AAPL
2019-10-31,36.63,36.88,36.3,36.5,82783786,AAPL
2019-11-01,35.93,36.47,35.51,36.3,69043857,AAPL
2019-11-04,36.18,36.39,36.06,36.38,80174718,AAPL
2019-11-05,35.69,36.26,35.44,36.21,15969754,AAPL
2019-11-06,36.83,37.03,36.56,36.76,12565325,AAPL
2019-11-07,36.64,36.87,36.45,36.58,23933324,AAPL
2019-11-08,36.69,36.8,36.24,36.52,21423576,AAPL
2019-11-11,35.76,36.17,35.75,36.09,38103216,AAPL
2019-11-12,35.39,36.26,35.22,35.77,56493879,AAPL
2019-11-13,35.46,35.7,34.75,34.96,77043159,AAPL
2019-11-14,35.4,35.84,35.33,35.34,24007263,AAPL
2019-11-15,35.19,35.33,34.37,34.62,26081055,AAPL
2019-11-18,34.31,34.7,33.73,34.16,76070559,AAPL
2019-11-19,33.95,34.46,33.68,34.43,66523216,AAPL
2019-11-20,34.99,35.36,34.4,34.73,11843114,AAPL
2019-11-21,34.9,34.93,34.42,34.5,69237715,AAPL
2019-11-22,33.09,33.75,33.02,33.24,78496155,AAPL
2019-11-25,32.92,33.72,32.87,33.53,69058140,AAPL
2019-11-26,33.94,34.14,33.4,33.73,30168002,AAPL
2019-11-27,32.83,33.28,32.81,32.87,5869660,AAPL
2019-11-28,33.47,33.66,32.85,33.39,70224416,AAPL
2019-11-29,32.14,32.99,32.1,32.98,45123450,AAPL
2019-12-02,32.46,32.79,32.21,32.32,47977477,AAPL
2019-12-03,31.56,32.44,31.2,32.4,29956184,AAPL
2019-12-04,32.06,32.34,32.0,32.33,82500141,AAPL
2019-12-05,32.75,32.88,32.31,32.48,51848475,AAPL
2019-12-06,31.0,32.13,30.84,31.54,73526199,AAPL
2019-12-09,32.1,33.08,31.9,32.67,56821409,AAPL
2019-12-10,32.19,32.52,32.19,32.33,53501223,AAPL
2019-12-11,31.92,32.0,31.38,31.43,7928283,AAPL
2019-12-12,32.32,32.39,31.45,31.83,20596759,AAPL
2019-12-13,31.47,31.72,31.17,31.65,87885614,AAPL
2019-12-16,32.18,32.38,31.74,31.88,65157281,AAPL
2019-12-17,31.88,32.04,31.37,31.7,80944291,AAPL
2019-12-18,31.78,31.79,31.63,31.7,65456875,AAPL
2019-12-19,31.98,32.11,31.61,31.88,14506649,AAPL
2019-12-20,31.24,31.51,30.96,31.46,84309226,AAPL
2019-12-23,32.14,32.23,31.69,31.9,84052979,AAPL
2019-12-24,31.96,32.39,31.51,31.64,88525075,AAPL
2019-12-25,31.95,32.04,30.93,31.16,75922880,AAPL
2019-12-26,31.5,31.73,30.88,31.23,45966740,AAPL
2019-12-27,30.79,31.72,30.48,31.53,21851947,AAPL
2019-12-30,31.06,31.45,30.94,31.42,81509682,AAPL
2019-12-31,31.04,31.12,30.92,30.94,84868268,AAPL
2020-01-01,31.35,31.48,31.27,31.34,73837776,AAPL
2020-01-02,29.8,30.42,29.73,30.34,22444824,AAPL
2020-01-03,29.74,29.92,29.7,29.78,71942336,AAPL
2020-01-06,29.73,29.92,29.59,29.83,43173718,AAPL
2020-01-07,29.09,29.14,28.97,29.1,13294194,AAPL
2020-01-08,29.11,29.48,28.96,29.15,37154415,AAPL
2020-01-09,29.4,29.4,29.11,29.14,46343105,AAPL
2020-01-10,30.08,30.37,29.56,29.67,45321262,AAPL
2020-01-13,29.38,29.56,29.09,29.19,50787813,AAPL
2020-01-14,28.57,29.13,28.38,28.87,82103042,AAPL
2020-01-15,28.85,29.25,28.64,29.08,72858713,AAPL
2020-01-16,27.62,27.84,27.47,27.79,31657483,AAPL
2020-01-17,29.48,29.61,29.14,29.5,17102556,AAPL
2020-01-20,29.02,29.3,28.74,29.14,27200611,AAPL
2020-01-21,28.67,28.94,28.61,28.77,16478003,AAPL
2020-01-22,29.01,29.56,28.95,29.27,20449761,AAPL
2020-01-23,29.53,29.76,29.23,29.27,36539176,AAPL
2020-01-24,28.56,28.69,28.32,28.33,62256322,AAPL
2020-01-27,28.95,29.17,28.6,28.69,77298204,AAPL
2020-01-28,29.17,29.65,29.11,29.19,50318884,AAPL
2020-01-29,29.09,29.19,28.52,28.97,21812253,AAPL
2020-01-30,28.6,29.06,28.16,28.84,72527763,AAPL
2020-01-31,28.86,29.37,28.77,29.14,21413489,AAPL
2020-02-03,28.52,28.73,28.29,28.67,7666571,AAPL
2020-02-04,29.09,29.12,28.74,28.94,45264344,AAPL
2020-02-05,29.03,29.2,28.96,29.07,85658297,AAPL
2020-02-06,28.42,28.76,28.4,28.73,86397769,AAPL
2020-02-07,28.04,28.39,27.89,28.01,53537106,AAPL
2020-02-10,28.03,28.27,27.87,27.92,52435672,AAPL
2020-02-11,27.53,27.6,27.39,27.49,15187480,AAPL
2020-02-12,27.86,28.33,27.66,28.04,65592569,AAPL
2020-02-13,28.16,28.2,28.09,28.14,85145256,AAPL
2020-02-14,28.47,28.78,28.22,28.59,74352471,AAPL
2020-02-17,28.6,28.75,28.34,28.69,87711698,AAPL
2020-02-18,28.83,28.89,28.68,28.86,38852891,AAPL
2020-02-19,28.66,28.84,27.82,28.46,63189041,AAPL
2020-02-20,29.35,29.48,28.78,28.85,36955444,AAPL
2020-02-21,30.31,30.34,29.63,29.87,7834760,AAPL
2020-02-24,29.9,30.02,29.58,29.72,38744776,AAPL
2020-02-25,29.31,29.87,29.08,29.42,72312420,AAPL
2020-02-26,29.27,29.43,29.24,29.36,15651798,AAPL
2020-02-27,29.05,29.27,28.84,29.12,71931684,AAPL
2020-02-28,29.08,29.09,28.63,28.77,48025502,AAPL
2020-03-02,28.11,29.09,27.87,28.87,38090793,AAPL
2020-03-03,28.81,29.01,28.43,28.74,4680871,AAPL
2020-03-04,29.0,29.95,28.78,29.56,58611107,AAPL
2020-03-05,29.59,29.93,29.41,29.59,4087777,AAPL
2020-03-06,30.17,30.23,29.73,29.8,23941133,AAPL
2020-03-09,30.11,30.57,29.87,30.37,67474095,AAPL
2020-03-10,29.57,30.66,29.43,30.22,54498051,AAPL
2020-03-11,31.47,31.64,30.47,31.08,59576397,AAPL
2020-03-12,31.18,31.53,30.15,30.74,86251917,AAPL
2020-03-13,30.45,30.7,30.04,30.31,43348255,AAPL
2020-03-16,30.48,31.11,29.93,30.13,55178807,AAPL
2020-03-17,29.86,30.36,29.69,30.09,26489671,AAPL
2020-03-18,29.66,29.66,29.25,29.33,62136352,AAPL
2020-03-19,29.81,29.91,29.31,29.34,32666866,AAPL
2020-03-20,28.63,28.74,28.33,28.46,12925562,AAPL
2020-03-23,29.32,29.46,28.88,29.24,70550185,AAPL
2020-03-24,29.58,29.73,28.97,29.23,63754210,AAPL
2020-03-25,29.21,29.32,28.82,28.9,17178954,AAPL
2020-03-26,28.24,28.6,28.14,28.44,38817823,AAPL
2020-03-27,28.62,28.62,27.89,28.26,79321250,AAPL
2020-03-30,28.36,28.48,27.97,28.17,63842043,AAPL
2020-03-31,27.68,27.9,27.41,27.64,50807124,AAPL
2020-04-01,27.53,27.54,27.18,27.19,44052327,AAPL
2020-04-02,27.36,27.57,26.92,27.12,27489175,AAPL
2020-04-03,27.07,27.16,26.7,26.88,76566217,AAPL
2020-04-06,27.26,27.48,27.1,27.39,3704072,AAPL
2020-04-07,28.23,28.3,27.85,28.01,85096068,AAPL
2020-04-08,27.75,28.18,27.71,28.05,8913846,AAPL
2020-04-09,28.29,28.34,28.18,28.33,43680479,AAPL
2020-04-10,27.2,27.68,27.11,27.65,77547472,AAPL
2020-04-13,27.56,28.03,27.14,28.01,75326864,AAPL
2020-04-14,28.14,28.14,27.7,28.02,67552798,AAPL
2020-04-15,28.28,28.39,28.07,28.3,40574803,AAPL
2020-04-16,29.22,29.4,28.9,29.2,49040139,AAPL
2020-04-17,28.15,28.16,27.99,27.99,83446105,AAPL
2020-04-20,28.25,28.27,27.92,28.16,33162565,AAPL
2020-04-21,27.38,27.83,27.23,27.61,22108420,AAPL
2020-04-22,27.96,28.1,27.93,27.94,56275414,AAPL
2020-04-23,27.27,27.4,26.94,27.28,9832943,AAPL
2020-04-24,26.92,27.18,26.43,27.06,32059310,AAPL
2020-04-27,27.15,27.54,26.77,27.19,80300781,AAPL
2020-04-28,27.43,27.69,27.37,27.53,76817144,AAPL
2020-04-29,27.43,27.63,27.34,27.59,42244164,AAPL
2020-04-30,27.12,27.35,27.02,27.21,61176231,AAPL
2020-05-01,27.01,27.18,26.76,26.95,43213768,AAPL
2020-05-04,27.97,28.08,27.16,27.43,61536638,AAPL
2020-05-05,27.24,27.51,27.0,27.46,56969767,AAPL
2020-05-06,26.75,27.15,26.54,26.62,11696208,AAPL
2020-05-07,26.7,27.21,26.7,27.08,2486987,AAPL
2020-05-08,27.73,27.91,27.13,27.32,81553999,AAPL
2020-05-11,27.71,27.81,27.59,27.8,66510423,AAPL
2020-05-12,27.68,27.81,27.53,27.65,3698993,AAPL
2020-05-13,28.45,28.55,28.0,28.11,82618095,AAPL
2020-05-14,27.83,27.94,27.26,27.58,10148706,AAPL
2020-05-15,27.51,27.96,27.5,27.9,83396145,AAPL
2020-05-18,27.82,28.08,27.47,27.67,40073603,AAPL
2020-05-19,27.99,28.1,27.81,28.05,70541722,AAPL
2020-05-20,28.79,28.89,28.5,28.62,42829783,AAPL
2020-05-21,28.29,28.3,28.11,28.25,14261801,AAPL
2020-05-22,28.45,28.72,27.91,28.25,18463321,AAPL
2020-05-25,28.38,28.71,28.3,28.3,55800340,AAPL
2020-05-26,28.93,28.97,28.62,28.97,80135248,AAPL
2020-05-27,29.72,29.84,29.13,29.39,24482930,AAPL
2020-05-28,28.33,29.05,28.32,28.75,76502819,AAPL
2020-05-29,28.9,29.23,28.85,29.02,12261711,AAPL
2020-06-01,29.2,29.62,29.02,29.46,14032372,AAPL
2020-06-02,30.66,30.75,30.63,30.7,23207818,AAPL
2020-06-03,29.65,29.89,29.39,29.77,42091041,AAPL
2020-06-04,29.45,29.54,29.14,29.5,69958961,AAPL
2020-06-05,30.14,30.41,29.93,30.28,29116719,AAPL
2020-06-08,29.41,29.73,29.34,29.54,53637540,AAPL
2020-06-09,28.46,29.22,28.19,28.91,32170886,AAPL
2020-06-10,29.21,29.28,29.14,29.22,15493372,AAPL
2020-06-11,29.9,29.9,29.74,29.81,69323645,AAPL
2020-06-12,29.3,29.72,29.09,29.47,29544343,AAPL
2020-06-15,29.61,29.94,29.53,29.8,8368018,AAPL
2020-06-16,29.71,29.97,29.6,29.89,63229933,AAPL
2020-06-17,31.28,31.72,30.6,30.79,87771220,AAPL
2020-06-18,30.88,31.15,30.76,30.82,25312057,AAPL
2020-06-19,31.55,31.56,31.36,31.43,40486433,AAPL
2020-06-22,30.84,31.02,30.72,30.93,8959210,AAPL
2020-06-23,30.71,31.01,30.58,30.85,39919044,AAPL
2020-06-24,30.57,30.99,30.16,30.82,60324813,AAPL
2020-06-25,31.98,32.06,30.99,31.53,59982092,AAPL
2020-06-26,31.39,32.25,31.2,31.9,40737436,AAPL
2020-06-29,31.57,31.8,31.29,31.48,85591016,AAPL
2020-06-30,31.91,32.09,31.63,31.92,24567081,AAPL
2020-07-01,32.34,32.45,32.31,32.42,44620054,AAPL
2020-07-02,31.9,32.57,31.81,32.38,48686177,AAPL
2020-07-03,31.88,32.82,31.48,32.26,65674384,AAPL
2020-07-06,32.47,32.54,31.9,32.17,70850516,AAPL
2020-07-07,30.98,31.59,30.75,31.19,60398162,AAPL
2020-07-08,31.59,31.66,31.13,31.33,10333403,AAPL
2020-07-09,31.69,31.84,31.36,31.5,81420208,AAPL
2020-07-10,31.18,31.42,30.25,31.01,40663204,AAPL
2020-07-13,31.71,32.17,31.38,31.48,72618095,AAPL
2020-07-14,30.35,30.93,30.13,30.71,61666380,AAPL
2020-07-15,30.28,30.42,30.24,30.42,49343772,AAPL
2020-07-16,30.37,30.48,30.0,30.17,56789658,AAPL
2020-07-17,30.98,31.38,30.68,31.36,79469234,AAPL
2020-07-20,30.93,30.96,30.26,30.45,69010425,AAPL
2020-07-21,30.64,31.1,30.19,30.81,81781803,AAPL
2020-07-22,31.37,31.59,31.32,31.39,87703705,AAPL
2020-07-23,31.34,31.69,31.14,31.65,82965400,AAPL
2020-07-24,32.5,32.56,32.21,32.39,56196474,AAPL
2020-07-27,31.59,32.04,31.47,31.81,81618885,AAPL
2020-07-28,30.43,30.55,30.42,30.5,6790457,AAPL
2020-07-29,30.64,31.58,30.55,30.98,49669241,AAPL
2020-07-30,30.65,30.88,30.27,30.31,18688299,AAPL
2020-07-31,29.69,30.15,29.16,30.15,66863604,AAPL
2020-08-03,29.64,30.02,29.19,29.52,12592833,AAPL
2020-08-04,30.21,30.34,30.04,30.14,19396153,AAPL
2020-08-05,30.79,31.0,30.51,30.67,79143310,AAPL
2020-08-06,29.99,30.39,29.75,30.28,19020648,AAPL
2020-08-07,31.13,31.55,30.59,30.83,82719693,AAPL
2020-08-10,31.21,31.39,30.51,30.93,29424173,AAPL
2020-08-11,30.93,30.96,30.66,30.88,25455504,AAPL
2020-08-12,31.03,31.05,30.64,30.94,40739965,AAPL
2020-08-13,30.81,30.92,30.47,30.85,13075478,AAPL
2020-08-14,31.43,31.61,31.19,31.24,22117858,AAPL
2020-08-17,31.21,31.59,31.03,31.46,80920788,AAPL
2020-08-18,31.44,31.8,31.2,31.28,55436403,AAPL
2020-08-19,32.03,32.17,31.83,31.91,51794507,AAPL
2020-08-20,31.15,32.21,31.03,31.57,61497939,AAPL
2020-08-21,30.99,31.85,30.65,31.78,82894569,AAPL
2020-08-24,32.03,32.2,31.8,32.06,34198453,AAPL
2020-08-25,32.95,33.05,32.74,33.0,52515997,AAPL
2020-08-26,33.1,33.24,32.45,32.72,71797819,AAPL
2020-08-27,33.87,34.2,33.55,33.85,58103121,AAPL
2020-08-28,33.83,34.3,33.73,33.99,17009341,AAPL
2020-08-31,33.46,33.96,33.23,33.9,60139280,AAPL
2020-09-01,33.48,34.0,33.24,33.5,60096154,AAPL
2020-09-02,33.72,34.37,33.66,33.91,85660649,AAPL
2020-09-03,33.62,34.3,33.58,33.97,5062064,AAPL
2020-09-04,33.27,33.42,33.12,33.3,38446156,AAPL
2020-09-07,32.96,33.26,32.53,32.63,30474891,AAPL
2020-09-08,32.35,32.56,32.06,32.32,49308030,AAPL
2020-09-09,31.63,32.1,31.55,31.94,14983297,AAPL
2020-09-10,32.74,32.92,32.47,32.64,39610019,AAPL
2020-09-11,33.18,33.83,33.08,33.53,55647189,AAPL
2020-09-14,33.61,34.32,33.2,34.12,35024156,AAPL
2020-09-15,34.54,34.57,34.32,34.38,54894129,AAPL
2020-09-16,33.96,34.24,33.87,34.14,61578721,AAPL
2020-09-17,34.56,35.18,34.12,34.2,76043677,AAPL
2020-09-18,34.92,34.99,34.68,34.81,14470194,AAPL
2020-09-21,36.0,36.43,35.95,36.28,86140785,AAPL
2020-09-22,37.02,37.41,36.68,36.95,66098743,AAPL
2020-09-23,37.24,37.43,36.72,36.79,21702846,AAPL
2020-09-24,36.78,36.92,36.45,36.85,13788494,AAPL
2020-09-25,36.18,36.79,36.14,36.55,73263971,AAPL
2020-09-28,35.82,36.4,35.4,36.05,52955590,AAPL
2020-09-29,35.68,35.96,35.62,35.95,51133299,AAPL
2020-09-30,35.72,36.3,35.57,36.12,55440039,AAPL
2020-10-01,36.98,37.56,36.93,37.43,29920069,AAPL
2020-10-02,37.65,37.85,37.26,37.51,46564646,AAPL
2020-10-05,38.92,39.01,38.2,38.52,68070578,AAPL
2020-10-06,39.73,40.28,39.29,39.86,5842213,AAPL
2020-10-07,40.26,40.59,39.86,39.96,41229418,AAPL
2020-10-08,41.59,41.91,41.22,41.23,28925583,AAPL
2020-10-09,42.5,42.79,41.76,41.83,53955310,AAPL
2020-10-12,41.47,41.78,41.31,41.54,14959588,AAPL
2020-10-13,41.65,41.94,41.31,41.79,66414238,AAPL
2020-10-14,42.02,42.11,41.56,41.85,23719117,AAPL
2020-10-15,41.74,42.11,41.61,41.71,16402570,AAPL
2020-10-16,41.71,42.06,41.57,41.59,20770524,AAPL
2020-10-19,42.25,42.72,41.69,41.74,47975031,AAPL
2020-10-20,41.96,42.14,41.92,42.13,23769337,AAPL
2020-10-21,41.55,41.61,41.14,41.47,2004047,AAPL
2020-10-22,41.12,41.98,40.48,41.5,75162090,AAPL
2020-10-23,40.3,40.5,40.06,40.36,38282060,AAPL
2020-10-26,40.34,41.0,40.06,40.6,26766340,AAPL
2020-10-27,40.83,41.14,40.38,41.12,71523985,AAPL
2020-10-28,41.2,41.53,41.04,41.29,76973643,AAPL
2020-10-29,41.37,41.63,41.2,41.55,25939836,AAPL
2020-10-30,42.2,42.35,41.89,42.06,12585753,AAPL
2020-11-02,41.89,41.99,41.57,41.57,37361478,AAPL
2020-11-03,40.84,41.72,40.59,41.42,15317225,AAPL
2020-11-04,42.26,42.8,40.98,41.86,62595653,AAPL
2020-11-05,41.81,42.79,41.63,42.7,64395039,AAPL
2020-11-06,43.17,43.24,43.01,43.07,15442762,AAPL
2020-11-09,45.54,45.65,45.0,45.24,17145844,AAPL
2020-11-10,44.92,46.01,44.9,45.2,2114451,AAPL
2020-11-11,46.01,46.44,45.74,46.11,72875506,AAPL
2020-11-12,46.92,47.42,46.3,47.27,40060788,AAPL
2020-11-13,47.59,48.19,47.01,47.2,7709881,AAPL
2020-11-16,45.12,46.96,44.63,46.51,85213220,AAPL
2020-11-17,45.11,45.92,44.7,45.53,84329682,AAPL
2020-11-18,44.88,45.78,44.7,45.71,65892519,AAPL
2020-11-19,46.81,46.92,46.56,46.73,22356672,AAPL
2020-11-20,47.59,47.81,46.58,47.01,59885996,AAPL
2020-11-23,47.74,47.77,46.82,47.21,28818627,AAPL
2020-11-24,47.21,47.8,46.68,46.92,31639694,AAPL
2020-11-25,47.57,48.18,47.36,47.46,59641935,AAPL
2020-11-26,45.3,45.75,45.12,45.63,53270575,AAPL
2020-11-27,46.4,46.45,45.81,45.87,34647619,AAPL
2020-11-30,46.21,47.16,45.74,45.94,67249821,AAPL
2020-12-01,44.45,45.0,44.3,44.81,45128429,AAPL
2020-12-02,46.17,47.17,46.05,46.74,12687420,AAPL
2020-12-03,45.3,45.91,45.15,45.57,28519669,AAPL
2020-12-04,45.15,45.72,44.33,44.69,70932840,AAPL
2020-12-07,44.25,44.31,43.45,43.73,73801830,AAPL
2020-12-08,45.38,45.65,44.24,44.7,44612797,AAPL
2020-12-09,43.68,44.01,43.46,44.0,61533967,AAPL
2020-12-10,44.45,44.62,43.55,44.6,40459366,AAPL
2020-12-11,45.73,46.08,44.64,45.14,14686097,AAPL
2020-12-14,45.5,45.75,45.28,45.41,2824473,AAPL
2020-12-15,44.66,44.79,44.1,44.34,83620410,AAPL
2020-12-16,43.33,44.03,43.29,43.87,55588184,AAPL
2020-12-17,45.17,45.6,45.06,45.33,16743903,AAPL
2020-12-18,44.27,44.7,44.13,44.28,57990594,AAPL
2020-12-21,43.48,43.76,43.38,43.63,65755879,AAPL
2020-12-22,43.36,43.71,43.19,43.54,61740393,AAPL
2020-12-23,43.57,44.31,43.37,44.25,87547653,AAPL
2020-12-24,45.19,45.29,43.98,44.5,43198395,AAPL
2020-12-25,45.24,45.45,44.7,45.17,19251982,AAPL
2020-12-28,43.7,44.69,43.44,44.31,10691490,AAPL
2020-12-29,45.62,45.73,45.09,45.15,82461660,AAPL
2020-12-30,45.72,46.02,45.31,45.69,48317064,AAPL
2020-12-31,44.68,45.3,44.1,44.37,74309965,AAPL
2021-01-01,45.65,45.91,45.21,45.73,77842164,AAPL
2021-01-04,47.45,47.88,46.86,47.8,81568257,AAPL
2021-01-05,46.82,47.3,46.63,47.15,28245931,AAPL
2021-01-06,47.4,47.63,47.19,47.25,59803094,AAPL
2021-01-07,48.92,49.25,48.49,48.56,28534360,AAPL
2021-01-08,47.49,48.03,46.65,47.26,15043293,AAPL
2021-01-11,45.84,45.95,45.37,45.56,11265355,AAPL
2021-01-12,45.01,45.36,44.12,44.5,37770808,AAPL
2021-01-13,44.19,44.76,43.99,44.07,11136273,AAPL
2021-01-14,44.05,44.21,43.39,43.63,42050466,AAPL
2021-01-15,44.65,44.85,44.04,44.18,38930424,AAPL
2021-01-18,44.58,44.64,44.35,44.44,45543778,AAPL
2021-01-19,43.43,43.81,43.35,43.45,85196387,AAPL
2021-01-20,43.79,44.34,43.32,43.96,4102945,AAPL
2021-01-21,45.08,46.27,44.66,45.59,19806648,AAPL
2021-01-22,46.0,47.18,45.47,46.68,7110319,AAPL
2021-01-25,48.21,48.37,47.6,47.6,86939028,AAPL
2021-01-26,47.68,47.85,47.02,47.67,83425458,AAPL
2021-01-27,48.37,49.09,47.9,48.61,68519253,AAPL
2021-01-28,48.5,48.83,47.67,47.77,3407482,AAPL
2021-01-29,48.96,49.1,48.41,48.5,15985940,AAPL
2021-02-01,48.51,49.17,48.14,48.47,16568628,AAPL
2021-02-02,50.05,50.36,49.33,49.56,31558231,AAPL
2021-02-03,49.98,50.25,49.52,50.05,74127164,AAPL
2021-02-04,49.26,49.37,48.93,49.08,10621420,AAPL
2021-02-05,50.11,50.17,49.08,49.24,71298326,AAPL
2021-02-08,50.96,51.18,50.23,50.44,31509965,AAPL
2021-02-09,49.31,49.91,48.67,49.42,39816116,AAPL
2021-02-10,49.29,50.16,48.86,48.94,13109701,AAPL
2021-02-11,48.85,49.08,47.55,48.28,5667741,AAPL
2021-02-12,46.96,47.59,46.63,46.98,5062565,AAPL
2021-02-15,47.73,47.94,47.61,47.89,35376349,AAPL
2021-02-16,50.04,50.12,49.06,49.14,17133145,AAPL
2021-02-17,49.82,50.28,49.77,49.94,53636307,AAPL
2021-02-18,49.62,50.24,49.28,50.21,47930287,AAPL
2021-02-19,50.31,51.13,50.1,50.21,8969147,AAPL
2021-02-22,51.61,51.88,50.24,50.49,87042254,AAPL
2021-02-23,50.18,50.4,49.28,49.84,72681617,AAPL
2021-02-24,51.24,51.37,50.27,50.74,89626637,AAPL
2021-02-25,50.78,52.15,50.67,51.8,56250500,AAPL
2021-02-26,52.54,52.81,51.76,52.77,75433599,AAPL
2021-03-01,52.94,53.02,52.15,52.29,67748335,AAPL
2021-03-02,52.28,52.61,51.85,52.42,69377804,AAPL
2021-03-03,53.02,53.1,51.97,52.31,87827609,AAPL
2021-03-04,54.46,54.58,53.67,54.16,48340817,AAPL
2021-03-05,54.66,54.68,54.32,54.39,37851020,AAPL
2021-03-08,53.44,53.63,52.45,52.54,88130060,AAPL
2021-03-09,52.8,53.39,52.68,52.99,55181091,AAPL
2021-03-10,54.79,55.32,54.48,54.96,8333803,AAPL
2021-03-11,55.86,56.06,55.65,55.73,71354869,AAPL
2021-03-12,56.91,57.22,56.38,56.72,3249559,AAPL
2021-03-15,55.97,56.9,55.51,56.81,13830739,AAPL
2021-03-16,55.49,55.55,54.2,54.79,56957732,AAPL
2021-03-17,53.18,53.4,52.58,52.99,81658844,AAPL
2021-03-18,51.79,51.86,51.62,51.81,56945592,AAPL
2021-03-19,52.1,53.34,51.26,51.74,58667709,AAPL
2021-03-22,51.96,52.14,51.55,52.09,54221306,AAPL
2021-03-23,53.49,53.7,52.57,52.82,58714189,AAPL
2021-03-24,52.63,53.35,52.27,52.53,45547539,AAPL
2021-03-25,53.98,54.06,53.5,53.54,30428094,AAPL
2021-03-26,52.93,53.72,52.02,53.31,85319865,AAPL
2021-03-29,52.59,52.68,52.12,52.66,11149906,AAPL
2021-03-30,53.82,54.32,53.53,53.56,88209408,AAPL
2021-03-31,52.29,52.93,51.98,52.69,32236223,AAPL
2021-04-01,49.84,50.13,49.64,50.09,40813238,AAPL
2021-04-02,49.18,49.25,49.08,49.15,50139919,AAPL
2021-04-05,49.86,50.14,49.24,49.28,41924221,AAPL
2021-04-06,46.93,47.46,46.39,46.54,74318457,AAPL
2021-04-07,46.72,47.06,46.17,46.27,75779994,AAPL
2021-04-08,46.21,46.88,46.02,46.02,58635259,AAPL
2021-04-09,45.28,45.54,44.68,44.84,66426346,AAPL
2021-04-12,44.33,44.39,43.62,43.65,22438159,AAPL
2021-04-13,43.43,43.46,43.21,43.31,26247065,AAPL
2021-04-14,43.13,43.32,42.61,42.9,16986428,AAPL
2021-04-15,44.27,44.59,43.85,43.98,70361397,AAPL
2021-04-16,43.55,44.62,43.52,44.33,22049609,AAPL
2021-04-19,43.08,43.63,43.01,43.07,20704537,AAPL
2021-04-20,42.64,42.99,42.2,42.42,51885873,AAPL
2021-04-21,43.39,43.61,42.86,43.03,54076847,AAPL
2021-04-22,44.56,44.71,44.22,44.64,15151925,AAPL
2021-04-23,45.48,45.69,44.42,45.01,86455990,AAPL
2021-04-26,45.1,45.75,44.9,45.32,40540414,AAPL
2021-04-27,46.96,47.27,46.26,46.99,75792276,AAPL
2021-04-28,47.81,47.99,46.39,47.01,74455447,AAPL
2021-04-29,46.24,47.67,45.67,46.78,72799693,AAPL
2021-04-30,45.61,45.92,45.5,45.59,17565410,AAPL
2021-05-03,45.18,45.5,45.1,45.2,49386895,AAPL
2021-05-04,47.15,47.84,46.96,47.14,39501891,AAPL
2021-05-05,45.75,46.09,45.53,45.93,13101075,AAPL
2021-05-06,46.32,46.48,45.88,45.99,32099843,AAPL
2021-05-07,44.41,45.41,43.54,44.82,50195635,AAPL
2021-05-10,44.46,45.27,43.65,44.97,73510356,AAPL
2021-05-11,46.03,46.42,45.65,45.78,35359532,AAPL
2021-05-12,45.14,45.84,45.06,45.61,39699391,AAPL
2021-05-13,46.49,47.19,45.97,46.29,35942613,AAPL
2021-05-14,47.02,47.19,46.9,46.97,28907082,AAPL
2021-05-17,47.15,47.42,47.04,47.41,43916685,AAPL
2021-05-18,48.9,49.49,48.65,49.02,16034493,AAPL
2021-05-19,49.79,50.0,49.51,49.8,49633074,AAPL
2021-05-20,49.81,50.12,49.36,49.56,70096622,AAPL
2021-05-21,48.72,49.02,48.31,48.97,41306626,AAPL
2021-05-24,48.18,48.7,47.78,48.24,45830494,AAPL
2021-05-25,48.1,48.82,48.05,48.72,48477153,AAPL
2021-05-26,48.38,48.98,48.17,48.47,33870561,AAPL
2021-05-27,50.2,51.63,50.01,51.09,68253652,AAPL
2021-05-28,52.96,53.72,52.61,52.95,69199446,AAPL
2021-05-31,52.59,52.95,52.09,52.78,86410809,AAPL
2021-06-01,53.58,53.74,51.97,52.5,83237188,AAPL
2021-06-02,54.95,55.09,53.97,54.26,40313968,AAPL
2021-06-03,52.37,52.69,52.15,52.41,84856928,AAPL
2021-06-04,52.51,52.62,51.81,52.02,4391666,AAPL
2021-06-07,53.18,53.76,52.91,53.01,7163882,AAPL
2021-06-08,51.62,52.41,51.1,52.15,57291336,AAPL
2021-06-09,50.58,51.82,49.93,51.74,74848979,AAPL
2021-06-10,52.01,52.6,50.57,51.44,72160059,AAPL
2021-06-11,52.35,52.52,51.67,52.14,48373634,AAPL
2021-06-14,51.38,52.81,51.09,52.32,89389997,AAPL
2021-06-15,53.11,53.13,52.53,52.77,42185938,AAPL
2021-06-16,53.9,54.21,53.03,53.42,77361496,AAPL
2021-06-17,53.18,53.68,53.08,53.5,64104162,AAPL
2021-06-18,55.12,55.52,54.69,54.69,10614022,AAPL
2021-06-21,53.14,54.33,52.67,53.99,69633852,AAPL
2021-06-22,52.51,52.81,52.25,52.6,78419140,AAPL
2021-06-23,50.94,51.2,50.59,50.91,70569787,AAPL
2021-06-24,49.8,50.24,49.35,49.42,63954567,AAPL
2021-06-25,49.16,49.67,48.72,48.96,47750769,AAPL
2021-06-28,50.09,50.27,49.86,49.97,25492368,AAPL
2021-06-29,50.46,51.0,49.98,50.18,41290625,AAPL
2021-06-30,49.37,49.9,49.01,49.66,84325930,AAPL
2021-07-01,49.41,49.9,48.06,48.71,12529014,AAPL
2021-07-02,48.13,48.64,47.9,48.27,69146452,AAPL
2021-07-05,48.33,48.83,47.67,47.95,50681919,AAPL
2021-07-06,47.5,47.97,46.99,47.49,67239813,AAPL
2021-07-07,46.17,46.72,46.07,46.26,38145436,AAPL
2021-07-08,46.16,46.41,45.48,45.89,68650336,AAPL
2021-07-09,47.04,47.31,46.29,46.83,72251964,AAPL
2021-07-12,45.57,45.78,44.94,44.99,32682058,AAPL
2021-07-13,45.29,45.68,44.82,44.83,67786010,AAPL
2021-07-14,42.88,43.41,42.75,43.1,75509715,AAPL
2021-07-15,43.51,43.8,43.17,43.3,32778291,AAPL
2021-07-16,42.78,43.03,42.7,42.73,89054866,AAPL
2021-07-19,40.82,41.65,40.75,41.12,81523668,AAPL
2021-07-20,40.82,41.34,40.36,41.23,38154147,AAPL
2021-07-21,42.83,43.4,41.84,42.72,52698553,AAPL
2021-07-22,42.64,42.96,42.55,42.84,41317980,AAPL
2021-07-23,43.27,43.93,42.98,43.84,81755635,AAPL
2021-07-26,43.79,44.9,43.22,43.82,38742429,AAPL
2021-07-27,42.21,42.76,41.91,42.11,82057738,AAPL
2021-07-28,42.59,42.66,42.23,42.54,13734354,AAPL
2021-07-29,41.78,42.8,41.65,42.25,84144539,AAPL
2021-07-30,40.92,41.15,40.84,41.13,78269873,AAPL
2021-08-02,42.34,42.53,41.61,41.79,22278127,AAPL
2021-08-03,41.76,42.26,41.37,42.06,16653038,AAPL
2021-08-04,41.56,42.36,41.39,41.68,86163801,AAPL
2021-08-05,43.34,43.61,42.19,42.41,40573474,AAPL
2021-08-06,41.9,41.95,41.46,41.76,56930067,AAPL
2021-08-09,42.12,42.43,41.92,42.31,31487825,AAPL
2021-08-10,40.85,41.81,40.64,41.6,39589653,AAPL
2021-08-11,42.19,42.34,41.78,42.06,65921797,AAPL
2021-08-12,40.7,41.72,40.34,41.24,65188427,AAPL
2021-08-13,42.45,42.6,42.44,42.45,41026568,AAPL
2021-08-16,42.36,42.84,42.19,42.7,47585650,AAPL
2021-08-17,43.23,44.09,42.97,43.91,19798070,AAPL
2021-08-18,43.96,44.04,42.95,43.28,16694235,AAPL
2021-08-19,42.89,43.2,42.38,42.93,24762091,AAPL
2021-08-20,44.04,44.23,43.31,43.66,38905896,AAPL
2021-08-23,41.79,41.83,41.18,41.49,36855263,AAPL
2021-08-24,40.43,41.21,40.17,40.7,33147670,AAPL
2021-08-25,41.58,41.59,41.01,41.55,68814951,AAPL
2021-08-26,41.81,42.26,41.72,41.95,42737226,AAPL
2021-08-27,43.17,43.17,42.39,42.78,60748890,AAPL
2021-08-30,42.74,42.77,42.08,42.57,6504064,AAPL
2021-08-31,42.92,43.31,42.88,43.06,43648695,AAPL
2021-09-01,43.18,44.11,42.22,42.51,87409469,AAPL
2021-09-02,41.67,42.05,41.11,41.47,44322883,AAPL
2021-09-03,40.37,40.73,40.19,40.2,4744812,AAPL
2021-09-06,39.52,40.17,39.28,39.82,14033883,AAPL
2021-09-07,39.6,39.9,39.03,39.44,53346156,AAPL
2021-09-08,38.48,39.24,38.47,39.01,68006667,AAPL
2021-09-09,36.68,36.73,36.37,36.52,73336085,AAPL
2021-09-10,34.89,35.65,34.67,35.2,21842368,AAPL
2021-09-13,34.94,35.18,34.63,34.88,52592625,AAPL
2021-09-14,35.01,35.32,34.67,35.1,10856958,AAPL
2021-09-15,34.83,35.39,34.67,34.75,59542020,AAPL
2021-09-16,34.33,34.57,34.18,34.22,36571899,AAPL
2021-09-17,32.77,32.81,32.54,32.79,14346285,AAPL
2021-09-20,34.08,34.12,33.93,34.09,39472188,AAPL
2021-09-21,32.95,33.43,32.88,33.42,55086132,AAPL
2021-09-22,33.92,34.74,33.67,34.54,20917037,AAPL
2021-09-23,36.03,36.28,35.43,35.61,83968928,AAPL
2021-09-24,36.02,36.66,35.73,35.82,20814312,AAPL
2021-09-27,34.98,35.58,34.88,35.47,79418287,AAPL
2021-09-28,36.24,36.65,35.49,35.6,28948188,AAPL
2021-09-29,34.63,35.05,34.38,34.86,42549074,AAPL
2021-09-30,35.24,35.26,34.98,35.07,68042963,AAPL
2021-10-01,35.24,35.67,35.05,35.1,79808944,AAPL
2021-10-04,35.53,35.77,35.29,35.49,39434610,AAPL
2021-10-05,36.38,36.78,36.08,36.17,3323995,AAPL
2021-10-06,36.92,37.68,36.77,37.41,66339237,AAPL
2021-10-07,37.16,37.19,36.83,37.17,73805494,AAPL
2021-10-08,37.86,37.95,37.4,37.95,67677266,AAPL
2021-10-11,37.45,37.61,37.24,37.42,38295769,AAPL
2021-10-12,36.73,37.1,36.46,36.83,75606671,AAPL
2021-10-13,36.21,36.48,36.2,36.43,71205224,AAPL
2021-10-14,35.55,36.37,35.48,35.8,33811330,AAPL
2021-10-15,36.81,36.86,36.45,36.5,81947328,AAPL
2021-10-18,36.88,37.18,36.48,37.18,59919694,AAPL
2021-10-19,38.25,38.59,37.96,38.12,55335807,AAPL
2021-10-20,38.26,38.56,38.0,38.14,85613898,AAPL
2021-10-21,38.34,38.56,37.95,38.37,62627619,AAPL
2021-10-22,38.14,38.21,37.62,37.99,68453726,AAPL
2021-10-25,37.4,37.66,37.11,37.21,13962523,AAPL
2021-10-26,37.37,37.72,37.26,37.56,25693160,AAPL
2021-10-27,37.91,37.95,37.27,37.79,70032750,AAPL
2021-10-28,37.71,38.08,36.8,37.04,70098501,AAPL
2021-10-29,37.11,37.57,36.96,37.49,2754842,AAPL
2021-11-01,36.21,36.67,36.11,36.31,24859005,AAPL
2021-11-02,35.96,36.46,35.72,36.22,52922627,AAPL
2021-11-03,36.5,36.58,35.53,35.83,61931726,AAPL
2021-11-04,35.03,35.83,34.83,35.5,44371040,AAPL
2021-11-05,34.82,35.15,34.77,34.82,69596254,AAPL
2021-11-08,35.8,35.9,35.08,35.48,42813928,AAPL
2021-11-09,35.61,36.17,35.44,35.9,55875677,AAPL
2021-11-10,36.7,36.82,36.47,36.75,31477797,AAPL
2021-11-11,36.62,36.94,36.27,36.87,6318913,AAPL
2021-11-12,35.56,36.06,35.41,36.01,42714150,AAPL
2021-11-15,35.77,35.89,35.74,35.79,40073059,AAPL
2021-11-16,35.19,35.31,34.35,35.03,38949330,AAPL
2021-11-17,35.22,35.57,34.84,35.36,33210822,AAPL
2021-11-18,36.26,36.39,36.13,36.2,52690318,AAPL
2021-11-19,36.69,37.01,36.26,36.45,2095398,AAPL
2021-11-22,36.47,36.73,36.02,36.07,32231269,AAPL
2021-11-23,35.42,35.86,35.41,35.84,27455141,AAPL
2021-11-24,36.21,36.55,35.92,36.01,57852248,AAPL
2021-11-25,34.85,35.25,34.55,35.06,46686440,AAPL
2021-11-26,34.56,35.47,34.11,35.18,38154388,AAPL
2021-11-29,35.08,35.74,34.79,35.34,11190989,AAPL
2021-11-30,35.21,35.96,34.65,35.0,62806033,AAPL
2021-12-01,34.85,34.94,34.58,34.75,36133958,AAPL
2021-12-02,34.52,35.31,34.39,34.88,70478187,AAPL
2021-12-03,34.89,35.28,34.26,34.36,22132154,AAPL
2021-12-06,33.98,34.14,33.59,33.86,30972998,AAPL
2021-12-07,34.36,34.41,34.15,34.38,20526929,AAPL
2021-12-08,34.37,35.08,34.35,34.54,32913311,AAPL
2021-12-09,35.82,35.85,35.11,35.68,26445880,AAPL
2021-12-10,34.91,35.12,34.69,35.04,88752235,AAPL
2021-12-13,34.26,34.34,33.5,33.9,6312358,AAPL
2021-12-14,34.63,34.74,34.32,34.52,66379746,AAPL
2021-12-15,35.38,35.63,35.13,35.17,60401094,AAPL
2021-12-16,34.6,34.81,34.57,34.7,68135895,AAPL
2021-12-17,33.3,33.88,33.2,33.77,38060539,AAPL
2021-12-20,33.92,34.41,33.53,33.75,43655008,AAPL
2021-12-21,32.36,32.92,32.27,32.67,87643694,AAPL
2021-12-22,32.44,32.48,32.18,32.47,84399195,AAPL
2021-12-23,31.17,31.39,31.07,31.18,12511566,AAPL
2021-12-24,30.82,31.06,30.6,31.05,36966966,AAPL
2021-12-27,30.09,30.1,29.7,29.84,40354500,AAPL
2021-12-28,29.32,29.76,29.14,29.72,39640956,AAPL
2021-12-29,31.02,31.1,30.26,30.59,17366590,AAPL
2021-12-30,30.28,30.59,29.83,30.45,56816113,AAPL
2021-12-31,31.18,31.5,30.71,30.9,73975168,AAPL
2022-01-03,30.91,31.0,30.3,30.54,47133280,AAPL
2022-01-04,29.79,30.38,29.55,30.04,2805166,AAPL
2022-01-05,29.0,29.3,28.75,29.2,68956992,AAPL
2022-01-06,30.05,30.4,29.76,29.79,69964446,AAPL
2022-01-07,29.82,29.9,29.46,29.76,51996579,AAPL
2022-01-10,30.72,30.78,30.59,30.7,52571172,AAPL
2022-01-11,29.51,30.05,29.44,30.03,62993970,AAPL
2022-01-12,29.44,30.27,29.15,29.9,17841301,AAPL
2022-01-13,30.11,30.18,29.48,29.95,77660292,AAPL
2022-01-14,31.18,31.44,30.73,30.77,4565927,AAPL
2022-01-17,31.64,31.97,31.45,31.85,61568109,AAPL
2022-01-18,31.21,31.64,30.85,31.46,28850798,AAPL
2022-01-19,30.86,31.06,30.67,30.8,57603247,AAPL
2022-01-20,29.94,30.28,29.42,29.81,64162658,AAPL
2022-01-21,30.73,30.83,30.43,30.57,6386522,AAPL
2022-01-24,30.39,30.54,30.22,30.52,44639756,AAPL
2022-01-25,29.6,30.21,29.26,30.15,29092007,AAPL
2022-01-26,30.53,30.64,29.74,30.12,3027261,AAPL
2022-01-27,28.57,28.8,28.56,28.7,76046656,AAPL
2022-01-28,28.11,28.12,27.52,27.78,79355989,AAPL
2022-01-31,27.74,28.28,27.65,28.27,6231470,AAPL
2022-02-01,28.58,29.02,28.41,28.48,6871041,AAPL
2022-02-02,28.43,28.58,28.26,28.56,78344633,AAPL
2022-02-03,27.74,28.27,27.62,28.03,71076101,AAPL
2022-02-04,28.6,28.8,27.95,28.34,72561229,AAPL
2022-02-07,29.66,29.83,29.14,29.31,10470607,AAPL
2022-02-08,28.48,28.99,28.47,28.64,7781759,AAPL
2022-02-09,28.82,29.05,28.52,28.64,5381497,AAPL
2022-02-10,28.12,28.81,28.08,28.41,12574848,AAPL
2022-02-11,28.43,28.74,28.35,28.6,48613594,AAPL
2022-02-14,28.54,28.8,28.43,28.6,75874822,AAPL
2022-02-15,28.43,28.69,28.4,28.52,30182616,AAPL
2022-02-16,28.22,28.37,27.94,28.05,9888351,AAPL
2022-02-17,27.72,28.41,27.7,28.04,64217840,AAPL
2022-02-18,27.97,27.98,27.42,27.71,77794489,AAPL
2022-02-21,27.89,28.15,27.56,27.64,7396304,AAPL
2022-02-22,27.54,27.86,27.41,27.6,8991070,AAPL
2022-02-23,27.63,28.05,27.49,27.94,10487248,AAPL
2022-02-24,27.02,27.69,26.83,27.64,25670412,AAPL
2022-02-25,27.45,27.71,27.06,27.46,46945057,AAPL
2022-02-28,27.84,28.39,27.74,28.02,20777979,AAPL
2022-03-01,27.93,28.1,27.52,27.91,33151690,AAPL
2022-03-02,27.49,27.82,27.49,27.77,47158943,AAPL
2022-03-03,28.22,28.24,28.1,28.22,62376896,AAPL
2022-03-04,28.35,28.51,28.15,28.37,4065790,AAPL
2022-03-07,28.42,28.67,28.29,28.41,59621561,AAPL
2022-03-08,28.61,28.79,28.38,28.53,81862130,AAPL
2022-03-09,27.94,27.97,27.84,27.87,15842164,AAPL
2022-03-10,28.37,28.42,28.11,28.11,69155827,AAPL
2022-03-11,28.61,28.85,28.43,28.82,59336988,AAPL
2022-03-14,29.34,29.62,29.05,29.14,3957299,AAPL
2022-03-15,28.34,28.49,28.17,28.3,13951075,AAPL
2022-03-16,28.34,28.72,28.28,28.45,72146035,AAPL
2022-03-17,27.71,28.22,27.57,27.97,26572372,AAPL
2022-03-18,28.23,28.32,27.67,27.85,11952305,AAPL
2022-03-21,27.99,28.1,27.85,27.92,41461614,AAPL
2022-03-22,27.17,27.64,27.1,27.3,68426764,AAPL
2022-03-23,28.02,28.22,27.74,28.0,13122632,AAPL
2022-03-24,27.97,28.27,27.78,27.97,49052180,AAPL
2022-03-25,28.26,28.44,28.22,28.4,2673607,AAPL
2022-03-28,28.38,28.89,27.91,28.75,11274790,AAPL
2022-03-29,29.53,29.85,29.33,29.49,45901163,AAPL
2022-03-30,30.12,30.49,29.89,30.17,70767577,AAPL
2022-03-31,29.27,29.38,29.26,29.35,69551486,AAPL
2022-04-01,29.65,29.7,29.24,29.38,83906133,AAPL
2022-04-04,27.88,28.26,27.82,28.22,47831524,AAPL
2022-04-05,27.74,28.05,27.61,27.99,4649524,AAPL
2022-04-06,28.42,28.56,28.31,28.38,21122921,AAPL
2022-04-07,29.11,29.43,28.79,28.88,3054211,AAPL
2022-04-08,29.77,29.97,29.4,29.6,86101353,AAPL
2022-04-11,29.6,29.63,28.99,29.4,12376397,AAPL
2022-04-12,28.98,29.82,28.42,29.59,5471348,AAPL
2022-04-13,29.79,30.02,29.31,29.65,51929086,AAPL
2022-04-14,30.5,30.53,30.17,30.38,57855260,AAPL
2022-04-15,31.52,31.55,31.23,31.32,38234663,AAPL
2022-04-18,30.92,31.26,30.47,31.12,41262423,AAPL
2022-04-19,33.6,34.22,33.26,33.43,57853002,AAPL
2022-04-20,33.76,33.83,33.15,33.44,42956790,AAPL
2022-04-21,33.72,33.92,33.05,33.22,17798984,AAPL
2022-04-22,33.7,33.97,33.58,33.61,84834439,AAPL
2022-04-25,33.69,34.13,33.24,34.11,68304667,AAPL
2022-04-26,34.5,34.65,34.42,34.48,59742545,AAPL
2022-04-27,34.28,34.51,33.95,34.07,86394515,AAPL
2022-04-28,35.22,35.39,34.97,35.05,38352652,AAPL
2022-04-29,35.73,36.0,34.87,35.1,12931329,AAPL
2022-05-02,36.08,36.44,35.81,36.15,65543482,AAPL
2022-05-03,36.78,37.35,36.67,37.13,21499657,AAPL
2022-05-04,36.05,36.42,35.79,36.26,29540196,AAPL
2022-05-05,35.84,35.92,35.59,35.62,36390257,AAPL
2022-05-06,34.71,35.04,34.7,34.97,38045059,AAPL
2022-05-09,34.81,35.25,34.51,35.15,86658998,AAPL
2022-05-10,34.93,35.3,34.69,35.21,14550634,AAPL
2022-05-11,35.81,35.83,35.35,35.4,39580238,AAPL
2022-05-12,34.96,35.08,34.41,34.88,62504936,AAPL
2022-05-13,35.08,35.21,34.43,35.19,23038099,AAPL
2022-05-16,36.44,36.72,35.51,36.15,64873167,AAPL
2022-05-17,35.5,35.75,35.1,35.28,3876234,AAPL
2022-05-18,34.85,35.36,34.74,35.17,21363456,AAPL
2022-05-19,35.63,35.72,35.13,35.35,7198156,AAPL
2022-05-20,35.37,35.4,34.87,35.29,5791807,AAPL
2022-05-23,34.51,35.32,34.43,35.18,44416967,AAPL
2022-05-24,36.0,36.85,35.9,36.4,72027091,AAPL
2022-05-25,37.41,37.53,37.05,37.32,53873077,AAPL
2022-05-26,38.12,38.59,37.78,37.95,23921565,AAPL
2022-05-27,37.33,37.46,37.12,37.43,71555547,AAPL
2022-05-30,38.71,39.27,38.66,39.07,36557417,AAPL
2022-05-31,39.46,39.67,39.22,39.37,11585017,AAPL
2022-06-01,38.3,39.11,38.17,38.97,87685862,AAPL
2022-06-02,38.95,39.13,38.61,38.74,82405373,AAPL
2022-06-03,38.36,38.87,38.14,38.41,7322787,AAPL
2022-06-06,40.01,40.53,39.95,40.01,80674523,AAPL
2022-06-07,39.96,40.32,39.91,40.19,3444937,AAPL
2022-06-08,40.59,40.63,40.07,40.27,60733555,AAPL
2022-06-09,37.85,38.7,37.8,38.69,31083286,AAPL
2022-06-10,38.95,39.47,38.86,39.26,13919520,AAPL
2022-06-13,38.73,38.86,38.1,38.51,48179671,AAPL
2022-06-14,37.48,37.73,37.44,37.72,75432264,AAPL
2022-06-15,38.72,38.97,38.16,38.19,41985021,AAPL
2022-06-16,37.75,38.0,37.44,37.6,82499122,AAPL
2022-06-17,37.96,38.44,37.82,38.22,2781013,AAPL
2022-06-20,39.48,39.77,38.85,39.07,54312952,AAPL
2022-06-21,37.77,38.0,37.42,37.8,84361784,AAPL
2022-06-22,37.94,38.23,37.71,37.73,54235776,AAPL
2022-06-23,36.45,36.74,36.28,36.65,21878342,AAPL
2022-06-24,36.44,36.66,36.28,36.63,32207352,AAPL
2022-06-27,37.55,37.78,37.05,37.29,30559934,AAPL
2022-06-28,36.42,36.6,36.3,36.37,50363873,AAPL
2022-06-29,37.4,37.88,37.35,37.66,13331410,AAPL
2022-06-30,37.17,37.56,36.96,37.46,40522714,AAPL
2022-07-01,36.89,36.99,36.47,36.66,20194590,AAPL
2022-07-04,37.21,37.73,36.51,36.6,5952527,AAPL
2022-07-05,36.9,37.67,36.6,37.17,82008620,AAPL
2022-07-06,36.49,36.73,35.84,36.24,23144871,AAPL
2022-07-07,35.3,36.59,35.25,36.27,2987706,AAPL
2022-07-08,34.92,35.52,34.79,35.36,29212782,AAPL
2022-07-11,36.44,36.57,36.12,36.2,14058553,AAPL
2022-07-12,36.88,37.06,35.85,36.33,25863610,AAPL
2022-07-13,36.1,36.22,35.9,36.06,52486163,AAPL
2022-07-14,37.0,37.01,36.64,36.79,10197605,AAPL
2022-07-15,36.03,36.11,35.67,35.93,87123913,AAPL
2022-07-18,36.04,36.45,35.44,35.69,54310507,AAPL
2022-07-19,36.62,37.18,36.41,36.98,52503037,AAPL
2022-07-20,37.15,37.36,36.5,36.91,21907970,AAPL
2022-07-21,37.76,38.27,37.68,37.89,7497010,AAPL
2022-07-22,37.95,38.21,37.88,38.05,25333287,AAPL
2022-07-25,37.59,37.83,37.27,37.58,16127956,AAPL
2022-07-26,37.37,37.65,37.09,37.42,24534567,AAPL
2022-07-27,37.25,37.63,37.09,37.5,24179900,AAPL
2022-07-28,37.16,37.49,37.1,37.23,9212752,AAPL
2022-07-29,36.37,36.95,36.22,36.68,20245721,AAPL
2022-08-01,36.68,37.2,35.92,36.16,57460152,AAPL
2022-08-02,35.43,35.45,35.01,35.18,34885756,AAPL
2022-08-03,35.15,35.31,35.04,35.27,13862440,AAPL
2022-08-04,36.1,36.17,35.09,35.55,14392872,AAPL
2022-08-05,36.53,36.55,36.01,36.08,24589383,AAPL
2022-08-08,35.07,35.07,34.69,34.89,83411367,AAPL
2022-08-09,35.28,35.53,35.22,35.44,69144414,AAPL
2022-08-10,35.55,35.89,35.12,35.45,83243289,AAPL
2022-08-11,34.73,35.32,34.41,34.53,86849310,AAPL
2022-08-12,35.07,35.4,34.52,34.61,7695061,AAPL
2022-08-15,35.12,35.27,34.65,35.16,16386243,AAPL
2022-08-16,35.36,35.57,34.95,35.53,24037287,AAPL
2022-08-17,36.83,37.23,36.02,36.04,45644095,AAPL
2022-08-18,37.2,37.36,36.45,36.71,82107095,AAPL
2022-08-19,37.49,37.49,37.0,37.36,62800227,AAPL
2022-08-22,37.05,37.58,36.91,37.35,56606775,AAPL
2022-08-23,36.11,36.65,35.87,35.93,22043952,AAPL
2022-08-24,35.83,36.06,35.0,35.44,16131209,AAPL
2022-08-25,35.97,36.66,35.46,35.7,40657296,AAPL
2022-08-26,35.69,36.1,35.25,35.4,36576001,AAPL
2022-08-29,35.91,36.38,35.49,35.88,83863124,AAPL
2022-08-30,36.85,36.88,36.38,36.45,89933262,AAPL
2022-08-31,36.31,36.74,35.86,36.5,81225088,AAPL
2022-09-01,37.71,37.88,37.48,37.84,62938370,AAPL
2022-09-02,37.02,37.2,36.83,37.17,76001399,AAPL
2022-09-05,37.64,37.95,37.59,37.85,79962670,AAPL
2022-09-06,38.24,38.66,37.04,37.54,17075261,AAPL
2022-09-07,36.44,37.11,36.41,37.01,27766704,AAPL
2022-09-08,37.55,37.91,37.17,37.45,57290574,AAPL
2022-09-09,36.71,37.06,36.32,37.03,62697038,AAPL
2022-09-12,37.24,38.05,36.97,37.66,26080769,AAPL
2022-09-13,36.91,36.97,36.65,36.86,72773900,AAPL
2022-09-14,36.38,37.02,35.97,36.91,69849843,AAPL
2022-09-15,36.33,36.61,35.57,36.35,49384955,AAPL
2022-09-16,37.0,37.22,35.63,36.21,40007785,AAPL
2022-09-19,35.95,36.34,35.83,35.97,2709260,AAPL
2022-09-20,35.4,35.78,35.12,35.24,88874290,AAPL
2022-09-21,35.43,35.76,35.12,35.7,85631652,AAPL
2022-09-22,35.06,36.1,34.58,34.89,50466097,AAPL
2022-09-23,33.8,34.63,33.63,34.27,19212639,AAPL
2022-09-26,34.94,35.11,34.67,34.87,32512531,AAPL
2022-09-27,35.51,35.95,35.38,35.54,28574637,AAPL
2022-09-28,36.76,36.93,35.77,36.01,49620017,AAPL
2022-09-29,36.25,36.61,36.13,36.27,24159528,AAPL
2022-09-30,37.77,37.97,37.72,37.88,44715282,AAPL
2022-10-03,36.87,37.18,36.59,37.05,89371669,AAPL
2022-10-04,36.15,36.56,36.09,36.56,54871498,AAPL
2022-10-05,36.17,36.48,35.75,35.9,35638760,AAPL
2022-10-06,37.04,37.09,36.44,36.54,37406898,AAPL
2022-10-07,36.64,37.04,36.11,36.76,16656842,AAPL
2022-10-10,37.82,37.99,37.52,37.56,67951135,AAPL
2022-10-11,38.16,39.08,37.97,38.28,81048901,AAPL
2022-10-12,38.3,38.91,37.72,38.15,40492814,AAPL
2022-10-13,37.75,37.81,37.42,37.58,66141223,AAPL
2022-10-14,36.42,36.92,35.88,36.91,65405028,AAPL
2022-10-17,38.24,39.03,37.88,38.51,85709234,AAPL
2022-10-18,39.6,39.86,39.07,39.25,33227913,AAPL
2022-10-19,39.01,39.88,38.78,39.71,73399571,AAPL
2022-10-20,39.5,40.06,39.07,39.49,45808958,AAPL
2022-10-21,39.24,40.05,39.14,39.37,37731251,AAPL
2022-10-24,38.8,39.93,38.6,39.14,85303371,AAPL
2022-10-25,38.95,39.37,38.86,38.92,21783395,AAPL
2022-10-26,37.33,37.46,36.74,37.22,25084694,AAPL
2022-10-27,37.4,37.94,36.97,37.2,31781091,AAPL
2022-10-28,36.05,37.15,35.95,36.96,6187778,AAPL
2022-10-31,37.78,38.0,37.08,37.19,21301811,AAPL
2022-11-01,37.2,37.44,36.77,37.36,52252176,AAPL
2022-11-02,38.37,38.65,37.78,37.99,58272989,AAPL
2022-11-03,37.97,38.02,37.91,38.01,9793914,AAPL
2022-11-04,38.4,38.65,38.2,38.61,8850029,AAPL
2022-11-07,36.79,37.03,36.78,36.81,50200851,AAPL
2022-11-08,37.16,37.31,36.03,36.08,62065899,AAPL
2022-11-09,37.85,38.03,37.13,37.3,22970728,AAPL
2022-11-10,36.36,36.73,36.23,36.48,83675046,AAPL
2022-11-11,36.39,36.42,36.0,36.31,43570648,AAPL
2022-11-14,37.21,37.3,36.81,36.82,26211412,AAPL
2022-11-15,36.44,36.47,36.11,36.24,63253296,AAPL
2022-11-16,36.79,37.12,36.37,36.76,84825730,AAPL
2022-11-17,35.75,35.81,35.71,35.81,41151663,AAPL
2022-11-18,34.21,34.81,34.21,34.56,11562625,AAPL
2022-11-21,33.97,34.07,33.46,33.73,26168497,AAPL
2022-11-22,33.05,33.08,32.42,32.71,64826555,AAPL
2022-11-23,33.41,33.51,32.72,32.72,57438304,AAPL
2022-11-24,32.38,32.97,32.24,32.55,70303624,AAPL
2022-11-25,32.98,33.22,32.71,32.77,43676559,AAPL
2022-11-28,32.15,32.4,32.08,32.16,6549207,AAPL
2022-11-29,34.17,34.33,33.45,33.77,27327748,AAPL
2022-11-30,33.7,33.79,33.59,33.73,85333656,AAPL
2022-12-01,33.52,33.79,33.2,33.72,67917244,AAPL
2022-12-02,33.5,34.22,33.42,34.04,55451896,AAPL
2022-12-05,34.13,34.31,33.71,33.9,56748365,AAPL
2022-12-06,33.58,33.98,33.4,33.52,65433640,AAPL
2022-12-07,33.96,34.19,33.59,33.6,85751886,AAPL
2022-12-08,34.04,34.38,33.98,34.21,81777060,AAPL
2022-12-09,35.52,35.69,34.23,34.67,68112197,AAPL
2022-12-12,35.08,35.91,34.87,35.32,61280774,AAPL
2022-12-13,35.14,35.33,34.54,34.97,67709116,AAPL
2022-12-14,34.62,34.81,34.13,34.48,23416385,AAPL
2022-12-15,36.22,36.47,35.39,35.84,53725255,AAPL
2022-12-16,35.65,36.02,35.26,35.7,29841152,AAPL
2022-12-19,35.74,36.08,35.69,36.05,83547710,AAPL
2022-12-20,36.25,36.72,35.82,36.59,74536103,AAPL
2022-12-21,37.9,38.35,37.38,37.61,67094240,AAPL
2022-12-22,36.73,36.87,36.36,36.69,85257015,AAPL
2022-12-23,36.5,36.66,36.29,36.38,12633065,AAPL
2022-12-26,35.84,36.38,35.79,36.11,53402988,AAPL
2022-12-27,35.98,36.41,35.57,35.93,35671217,AAPL
2022-12-28,34.43,34.75,34.34,34.36,11139574,AAPL
2022-12-29,34.52,34.79,34.22,34.32,4952640,AAPL
2022-12-30,32.07,32.65,31.97,32.52,89636936,AAPL
2023-01-02,32.49,32.78,32.46,32.73,78971075,AAPL
2023-01-03,33.63,33.96,32.97,33.08,29444166,AAPL
2023-01-04,33.36,33.75,33.11,33.49,30827462,AAPL
2023-01-05,32.73,32.82,32.68,32.76,61988089,AAPL
2023-01-06,33.25,33.7,33.07,33.38,23072760,AAPL
2023-01-09,32.4,33.13,31.86,32.86,42587027,AAPL
2023-01-10,31.81,32.3,31.7,32.14,30430814,AAPL
2023-01-11,31.68,32.01,31.04,31.57,73264582,AAPL
2023-01-12,30.89,31.42,30.76,31.09,19991133,AAPL
2023-01-13,31.82,32.17,31.13,31.22,2673370,AAPL
2023-01-16,31.28,31.74,31.2,31.73,8848293,AAPL
2023-01-17,29.96,30.77,29.7,30.52,65594908,AAPL
2023-01-18,30.12,30.28,30.06,30.24,5505520,AAPL
2023-01-19,30.43,30.99,30.31,30.78,85093402,AAPL
2023-01-20,31.33,31.36,30.82,30.92,39129729,AAPL
2023-01-23,31.12,31.4,31.01,31.25,50835767,AAPL
2023-01-24,30.55,30.69,30.28,30.4,53695507,AAPL
2023-01-25,30.57,31.14,30.48,30.98,46992886,AAPL
2023-01-26,30.29,30.37,29.85,30.1,86218614,AAPL
2023-01-27,30.42,30.54,30.24,30.24,29535408,AAPL
2023-01-30,31.42,31.53,30.89,31.06,62248021,AAPL
2023-01-31,32.28,32.53,32.21,32.21,33189275,AAPL
2023-02-01,32.71,33.07,32.29,32.56,5159887,AAPL
2023-02-02,33.18,33.25,32.74,33.13,34873653,AAPL
2023-02-03,33.07,33.09,32.66,32.79,57610603,AAPL
2023-02-06,32.39,32.88,32.06,32.52,54120662,AAPL
2023-02-07,33.45,33.62,33.12,33.28,52280504,AAPL
2023-02-08,33.13,33.64,33.03,33.31,49890756,AAPL
2023-02-09,33.48,33.92,33.15,33.26,34277046,AAPL
2023-02-10,32.33,32.49,32.25,32.42,18382610,AAPL
2023-02-13,32.34,33.08,32.27,32.54,47168602,AAPL
2023-02-14,32.76,33.1,32.57,32.97,17068435,AAPL
2023-02-15,32.96,33.23,32.4,32.51,75764176,AAPL
2023-02-16,31.76,32.52,31.49,32.24,86354531,AAPL
2023-02-17,32.78,33.77,32.64,33.24,34091880,AAPL
2023-02-20,33.59,33.87,33.14,33.39,2916140,AAPL
2023-02-21,32.92,33.42,32.05,33.24,79718384,AAPL
2023-02-22,32.42,32.71,32.34,32.56,54851276,AAPL
2023-02-23,32.06,32.86,32.0,32.21,6604344,AAPL
2023-02-24,32.78,32.86,31.97,32.09,60662153,AAPL
2023-02-27,32.75,33.32,32.74,32.97,47161487,AAPL
2023-02-28,32.39,33.13,32.36,32.62,15458422,AAPL
2023-03-01,33.65,34.02,33.56,33.78,45730333,AAPL
2023-03-02,33.29,33.41,32.96,33.22,33549633,AAPL
2023-03-03,33.18,33.55,32.87,33.03,28049010,AAPL
2023-03-06,33.12,33.76,33.03,33.59,16489490,AAPL
2023-03-07,33.61,33.65,33.34,33.47,60438559,AAPL
2023-03-08,33.59,33.9,32.87,32.98,3320378,AAPL
2023-03-09,32.37,33.03,32.25,32.93,27560321,AAPL
2023-03-10,33.42,33.57,33.2,33.24,22002932,AAPL
2023-03-13,32.44,32.55,32.07,32.21,39088821,AAPL
2023-03-14,32.14,32.2,31.9,32.09,89736366,AAPL
2023-03-15,31.99,32.22,31.87,32.06,86320875,AAPL
2023-03-16,31.13,31.85,30.96,31.84,81957019,AAPL
2023-03-17,32.68,32.7,32.17,32.32,51306926,AAPL
2023-03-20,31.9,32.09,31.78,32.0,88955452,AAPL
2023-03-21,31.75,32.35,31.68,31.81,17646365,AAPL
2023-03-22,32.24,32.6,31.67,31.87,56217775,AAPL
2023-03-23,31.62,32.38,31.6,32.34,32883780,AAPL
2023-03-24,32.21,32.5,32.17,32.24,50412431,AAPL
2023-03-27,33.39,33.64,33.04,33.2,10199532,AAPL
2023-03-28,32.89,33.05,32.62,32.67,65619642,AAPL
2023-03-29,33.7,33.73,32.79,33.51,54653181,AAPL
2023-03-30,33.63,33.86,32.87,33.0,4822363,AAPL
2023-03-31,33.02,33.41,32.84,32.93,7020877,AAPL
2023-04-03,33.51,33.55,33.02,33.19,4566036,AAPL
2023-04-04,34.79,34.81,34.34,34.54,63881639,AAPL
2023-04-05,34.67,35.39,34.55,35.16,20859703,AAPL
2023-04-06,34.67,35.0,34.55,34.92,70536281,AAPL
2023-04-07,36.53,36.63,35.8,35.83,9306961,AAPL
2023-04-10,35.62,35.73,35.41,35.71,23375537,AAPL
2023-04-11,35.2,35.48,35.06,35.22,78963188,AAPL
2023-04-12,35.11,35.82,34.73,35.55,59199581,AAPL
2023-04-13,35.53,35.78,35.44,35.65,85496517,AAPL
2023-04-14,35.88,36.78,35.61,36.33,80362835,AAPL
2023-04-17,35.78,36.03,35.71,35.99,3479394,AAPL
2023-04-18,36.48,36.81,36.14,36.29,28266793,AAPL
2023-04-19,36.47,36.88,36.19,36.76,33729997,AAPL
2023-04-20,36.77,37.34,36.25,36.99,73640411,AAPL
2023-04-21,37.47,37.6,36.91,37.0,53617504,AAPL
2023-04-24,36.71,36.78,36.51,36.55,54377832,AAPL
2023-04-25,37.4,37.66,37.01,37.22,41287071,AAPL
2023-04-26,37.7,37.86,37.15,37.35,69904611,AAPL
2023-04-27,37.54,38.32,37.12,37.74,3886689,AAPL
2023-04-28,37.39,37.8,37.26,37.52,12145408,AAPL
2023-05-01,36.84,37.88,36.76,37.57,16301935,AAPL
2023-05-02,37.13,37.42,36.35,36.88,41318786,AAPL
2023-05-03,36.9,37.06,36.86,36.97,6278172,AAPL
2023-05-04,37.54,37.55,37.39,37.54,63913275,AAPL
2023-05-05,37.26,37.66,37.07,37.65,76804803,AAPL
2023-05-08,38.52,38.69,38.29,38.3,68838016,AAPL
2023-05-09,38.79,39.12,38.13,38.56,68322268,AAPL
2023-05-10,39.67,39.93,39.18,39.61,44344798,AAPL
2023-05-11,38.91,39.79,38.57,39.5,87461367,AAPL
2023-05-12,38.03,38.42,37.87,38.33,89329328,AAPL
2023-05-15,38.67,38.77,38.63,38.69,24342490,AAPL
2023-05-16,38.3,38.64,38.28,38.6,33115858,AAPL
2023-05-17,38.07,38.25,37.86,37.93,49913834,AAPL
2023-05-18,38.81,38.89,38.43,38.44,82887404,AAPL
2023-05-19,38.39,38.88,37.74,38.67,84925898,AAPL
2023-05-22,38.97,39.39,38.78,39.03,51562936,AAPL
2023-05-23,38.57,39.05,38.42,38.83,19940121,AAPL
2023-05-24,39.39,39.76,38.66,39.01,78123107,AAPL
2023-05-25,39.57,40.17,39.07,39.23,33077583,AAPL
2023-05-26,41.63,42.0,40.09,40.61,67074293,AAPL
2023-05-29,40.13,40.33,40.1,40.13,2892628,AAPL
2023-05-30,39.8,40.48,39.56,40.16,5190416,AAPL
2023-05-31,40.63,41.07,39.97,40.47,57388326,AAPL
2023-06-01,39.13,39.23,38.81,39.21,44094907,AAPL
2023-06-02,38.15,38.92,37.87,38.08,46677350,AAPL
2023-06-05,40.17,40.22,39.66,39.71,60041909,AAPL
2023-06-06,38.34,39.06,38.15,38.44,73505597,AAPL
2023-06-07,39.16,39.32,38.61,38.9,30257385,AAPL
2023-06-08,37.55,38.55,37.54,38.31,39804123,AAPL
2023-06-09,38.18,38.4,37.43,37.8,65852404,AAPL
2023-06-12,36.49,36.52,36.21,36.45,13600285,AAPL
2023-06-13,35.79,35.93,35.7,35.87,73967088,AAPL
2023-06-14,36.26,36.6,36.26,36.44,38061329,AAPL
2023-06-15,36.0,36.12,35.09,35.53,9549802,AAPL
2023-06-16,35.79,36.07,35.67,35.96,42447532,AAPL
2023-06-19,36.65,36.97,35.98,36.21,36896939,AAPL
2023-06-20,37.48,37.79,36.92,37.65,87927368,AAPL
2023-06-21,37.37,37.71,37.09,37.35,62929497,AAPL
2023-06-22,38.42,38.54,38.28,38.29,10659666,AAPL
2023-06-23,39.73,39.84,38.88,38.98,49678474,AAPL
2023-06-26,38.9,39.14,38.71,38.8,45300974,AAPL
2023-06-27,37.73,37.93,37.46,37.64,71076733,AAPL
2023-06-28,38.74,39.26,38.68,38.77,83698792,AAPL
2023-06-29,37.71,37.98,37.58,37.81,25819839,AAPL
2023-06-30,37.3,37.65,37.07,37.51,42446021,AAPL
2023-07-03,38.84,38.96,38.11,38.18,3254396,AAPL
2023-07-04,39.58,39.87,38.99,39.03,38996830,AAPL
2023-07-05,38.2,38.51,37.56,38.45,69923151,AAPL
2023-07-06,38.53,38.74,38.43,38.46,20486345,AAPL
2023-07-07,37.89,38.7,37.83,38.31,37055551,AAPL
2023-07-10,39.57,39.76,39.2,39.22,56799359,AAPL
2023-07-11,41.43,41.89,40.54,41.16,85150522,AAPL
2023-07-12,39.84,40.33,39.21,39.79,11483789,AAPL
2023-07-13,40.22,40.82,40.22,40.53,3262213,AAPL
2023-07-14,38.72,38.78,37.97,38.43,25877333,AAPL
2023-07-17,38.71,39.01,38.18,38.48,39232540,AAPL
2023-07-18,37.66,37.92,37.49,37.72,13390028,AAPL
2023-07-19,39.48,39.54,39.04,39.2,43808306,AAPL
2023-07-20,38.87,40.04,38.52,39.36,86754588,AAPL
2023-07-21,38.64,38.92,38.49,38.86,37473910,AAPL
2023-07-24,38.19,38.98,37.9,38.53,5017083,AAPL
2023-07-25,38.19,38.37,37.96,38.15,20831027,AAPL
2023-07-26,38.93,39.24,38.2,38.32,33284695,AAPL
2023-07-27,38.26,38.49,37.78,38.24,31819255,AAPL
2023-07-28,39.18,39.38,38.63,38.76,19123338,AAPL
2023-07-31,39.93,40.12,39.52,39.94,10862166,AAPL
2023-08-01,40.36,40.66,40.31,40.51,42047499,AAPL
2023-08-02,40.0,40.49,39.4,39.62,33642390,AAPL
2023-08-03,38.66,38.67,38.08,38.46,72944645,AAPL
2023-08-04,38.46,38.84,37.69,37.95,31713193,AAPL
2023-08-07,39.11,39.11,38.69,38.75,79351412,AAPL
2023-08-08,38.25,38.66,37.64,38.54,51744706,AAPL
2023-08-09,37.18,38.29,37.09,38.1,12701638,AAPL
2023-08-10,38.28,38.4,38.0,38.23,45103108,AAPL
2023-08-11,36.85,37.31,36.5,37.26,82317170,AAPL
2023-08-14,36.02,36.65,35.6,36.5,60833977,AAPL
2023-08-15,36.37,37.13,35.95,36.89,19924091,AAPL
2023-08-16,36.49,36.88,36.32,36.71,46550328,AAPL
2023-08-17,36.37,36.55,36.16,36.43,35170951,AAPL
2023-08-18,36.69,36.84,36.67,36.69,9290789,AAPL
2023-08-21,37.02,37.07,35.8,36.32,80592979,AAPL
2023-08-22,35.48,36.07,35.16,35.89,87677764,AAPL
2023-08-23,35.61,36.04,35.35,35.61,40440771,AAPL
2023-08-24,35.63,36.23,35.48,36.05,87466288,AAPL
2023-08-25,35.79,36.34,35.69,36.13,13653859,AAPL
2023-08-28,35.38,35.83,35.33,35.35,66994870,AAPL
2023-08-29,35.33,35.58,34.98,35.18,23621769,AAPL
2023-08-30,35.22,35.75,34.98,35.65,69752748,AAPL
2023-08-31,37.37,37.44,36.95,36.97,25552131,AAPL
2023-09-01,35.9,36.27,35.53,36.22,35821734,AAPL
2023-09-04,36.81,37.34,36.44,36.48,21454616,AAPL
2023-09-05,36.32,36.71,36.28,36.34,68481344,AAPL
2023-09-06,37.26,37.71,36.7,36.95,10317121,AAPL
2023-09-07,37.5,37.54,36.84,37.3,11685017,AAPL
2023-09-08,38.28,38.48,37.68,38.39,17813601,AAPL
2023-09-11,38.98,39.64,38.4,38.8,56729111,AAPL
2023-09-12,37.95,38.53,37.86,38.44,24161479,AAPL
2023-09-13,37.62,38.27,37.48,38.09,20600753,AAPL
2023-09-14,38.29,38.73,38.16,38.42,75102634,AAPL
2023-09-15,39.24,39.7,38.72,38.74,38208527,AAPL
2023-09-18,40.29,40.98,40.05,40.58,34374003,AAPL
2023-09-19,41.69,41.97,41.66,41.92,12019811,AAPL
2023-09-20,41.69,41.69,40.87,41.04,69073391,AAPL
2023-09-21,41.37,41.86,41.08,41.35,4338441,AAPL
2023-09-22,40.37,40.52,39.91,40.36,45556513,AAPL
2023-09-25,38.77,39.39,38.06,39.16,15684332,AAPL
2023-09-26,39.77,40.15,39.63,39.75,74202268,AAPL
2023-09-27,40.43,40.51,40.07,40.21,40807401,AAPL
2023-09-28,39.44,39.78,38.71,39.46,77475913,AAPL
2023-09-29,41.04,41.14,40.55,40.74,69142673,AAPL
2023-10-02,40.16,40.31,39.69,40.04,58793301,AAPL
2023-10-03,39.59,39.98,38.65,39.2,22851097,AAPL
2023-10-04,40.04,40.33,39.5,39.72,37048896,AAPL
2023-10-05,39.88,40.1,39.77,39.93,12271583,AAPL
2023-10-06,40.17,40.53,39.55,39.85,5611786,AAPL
2023-10-09,40.51,40.67,39.53,39.83,8203885,AAPL
2023-10-10,40.16,40.59,39.73,40.04,75536807,AAPL
2023-10-11,39.51,40.05,39.31,39.97,41920875,AAPL
2023-10-12,39.95,40.02,39.6,39.88,16675432,AAPL
2023-10-13,38.44,38.96,38.26,38.51,37325420,AAPL
2023-10-16,38.51,38.51,37.46,37.59,61847177,AAPL
2023-10-17,38.33,38.38,37.87,38.06,46267980,AAPL
2023-10-18,37.2,37.74,37.13,37.59,70521038,AAPL
2023-10-19,37.95,38.33,37.63,38.02,50940825,AAPL
2023-10-20,39.49,39.76,38.86,38.95,38981995,AAPL
2023-10-23,38.3,39.32,38.19,38.73,63226538,AAPL
2023-10-24,38.79,39.58,38.16,38.97,24333470,AAPL
2023-10-25,40.57,41.03,40.51,40.57,15050729,AAPL
2023-10-26,41.09,41.38,40.78,41.15,87896067,AAPL
2023-10-27,42.4,43.33,42.1,42.64,82538604,AAPL
2023-10-30,43.99,44.1,43.9,43.94,5047706,AAPL
2023-10-31,44.01,44.67,43.75,44.61,46403918,AAPL
2023-11-01,44.31,44.95,44.07,44.56,58173666,AAPL
2023-11-02,43.65,44.28,43.48,43.9,70210082,AAPL
2023-11-03,42.9,43.35,42.69,43.03,19003962,AAPL
2023-11-06,43.34,43.53,42.97,43.47,79928818,AAPL
2023-11-07,43.89,44.0,43.42,43.89,65830189,AAPL
2023-11-08,43.64,43.95,43.4,43.79,38362273,AAPL
2023-11-09,44.36,44.68,43.84,44.54,16706954,AAPL
2023-11-10,44.22,44.36,43.77,44.08,71035182,AAPL
2023-11-13,45.43,45.79,44.59,45.05,61161922,AAPL
2023-11-14,45.53,45.54,45.12,45.13,87161145,AAPL
2023-11-15,44.64,45.46,43.97,45.14,41402878,AAPL
2023-11-16,45.28,45.51,44.79,45.19,35163517,AAPL
2023-11-17,45.46,45.97,44.99,45.15,68531397,AAPL
2023-11-20,47.24,47.56,47.12,47.36,38203484,AAPL
2023-11-21,46.18,46.62,45.58,45.99,79055811,AAPL
2023-11-22,46.08,46.46,45.13,46.19,79856064,AAPL
2023-11-23,47.49,48.05,47.32,47.33,68341922,AAPL
2023-11-24,47.32,48.95,47.05,48.02,68626611,AAPL
2023-11-27,47.99,48.38,47.69,47.79,37344557,AAPL
2023-11-28,49.2,49.61,48.74,49.44,87084749,AAPL
2023-11-29,48.15,48.64,47.86,48.5,39217203,AAPL
2023-11-30,47.21,47.66,47.07,47.36,40029941,AAPL
2023-12-01,48.35,48.55,47.37,47.92,67061313,AAPL
2023-12-04,47.07,47.18,46.08,46.66,77930535,AAPL
2023-12-05,44.75,45.05,44.35,44.65,23758461,AAPL
2023-12-06,45.81,45.91,45.0,45.45,87994525,AAPL
2023-12-07,45.96,46.91,45.77,46.15,56404851,AAPL
2023-12-08,46.28,47.05,45.63,46.84,53241466,AAPL
2023-12-11,45.62,46.56,45.16,46.45,61457630,AAPL
2023-12-12,46.63,46.87,46.07,46.66,12322688,AAPL
2023-12-13,45.78,46.31,45.72,45.86,23651993,AAPL
2023-12-14,47.44,47.92,46.21,47.43,25209817,AAPL
2023-12-15,48.21,48.67,48.16,48.19,45528935,AAPL
2023-12-18,49.47,49.7,48.62,48.92,29253145,AAPL
2023-12-19,46.77,47.62,46.61,47.19,15600473,AAPL
2023-12-20,47.6,48.06,47.53,47.96,45982814,AAPL
2023-12-21,50.27,50.6,49.14,49.39,77263104,AAPL
2023-12-22,50.94,51.29,50.44,50.58,61576274,AAPL
2023-12-25,51.23,51.88,51.03,51.39,3815358,AAPL
2023-12-26,50.43,51.52,50.17,51.44,26063921,AAPL
2023-12-27,50.73,51.83,50.37,51.16,62607805,AAPL
2023-12-28,51.6,52.32,51.2,51.79,45265036,AAPL
2023-12-29,52.16,52.4,51.82,52.22,20400690,AAPL
2024-01-01,52.58,53.2,52.16,52.5,2766093,AAPL
2024-01-02,52.12,52.31,52.02,52.24,6848872,AAPL
2024-01-03,54.55,55.23,53.23,53.98,66132352,AAPL
2024-01-04,52.25,53.27,51.89,52.85,62467317,AAPL
2024-01-05,52.72,52.95,51.74,52.88,53495497,AAPL
2024-01-08,52.0,52.41,51.89,52.35,42370401,AAPL
2024-01-09,53.81,54.79,53.35,53.44,62197789,AAPL
2024-01-10,55.03,55.82,54.77,54.95,74674215,AAPL
2024-01-11,56.72,56.84,56.08,56.31,3337467,AAPL
2024-01-12,57.2,58.11,56.61,57.18,50108384,AAPL
2024-01-15,57.69,58.11,55.47,55.74,72163419,AAPL
2024-01-16,58.4,58.82,57.31,58.03,56524642,AAPL
2024-01-17,58.22,59.29,57.81,58.65,45449314,AAPL
2024-01-18,58.57,59.05,58.51,58.59,25226629,AAPL
2024-01-19,58.43,58.92,57.76,58.67,50390584,AAPL
2024-01-22,58.75,59.46,58.33,58.35,57367783,AAPL
2024-01-23,59.39,59.58,58.87,58.87,9110018,AAPL
2024-01-24,59.47,60.09,58.9,59.28,12923414,AAPL
2024-01-25,58.81,59.25,58.5,58.93,75942170,AAPL
2024-01-26,55.82,56.37,55.31,56.19,34605018,AAPL
2024-01-29,57.04,57.33,55.93,56.21,63010483,AAPL
2024-01-30,57.35,57.85,56.63,56.77,24172437,AAPL
2024-01-31,55.79,57.76,55.61,57.39,68219386,AAPL
2024-02-01,57.3,57.66,56.54,57.28,86627145,AAPL
2024-02-02,57.36,58.25,56.56,57.83,23052025,AAPL
2024-02-05,58.8,60.06,58.7,59.02,79479323,AAPL
2024-02-06,59.48,59.61,58.21,58.55,87869106,AAPL
2024-02-07,59.6,60.28,59.13,60.25,62128674,AAPL
2024-02-08,57.54,58.54,56.52,58.12,75108256,AAPL
2024-02-09,58.12,58.72,55.66,56.81,18015154,AAPL
2024-02-12,55.64,56.47,55.39,55.9,81142617,AAPL
2024-02-13,53.3,53.65,53.19,53.43,15713510,AAPL
2024-02-14,53.04,53.09,51.69,52.48,71979453,AAPL
2024-02-15,53.51,53.98,53.21,53.78,29184554,AAPL
2024-02-16,55.12,55.27,54.28,55.11,2501975,AAPL
2024-02-19,55.39,55.65,54.91,55.26,20380711,AAPL
2024-02-20,57.9,58.2,56.75,57.14,13832235,AAPL
2024-02-21,56.58,57.61,56.46,57.46,21442567,AAPL
2024-02-22,56.52,58.36,56.1,56.97,87990008,AAPL
2024-02-23,57.22,57.8,57.1,57.29,48362496,AAPL
2024-02-26,57.69,57.78,56.68,57.2,75324215,AAPL
2024-02-27,57.7,58.74,57.5,58.05,17953346,AAPL
2024-02-28,56.73,57.08,56.18,56.48,50791976,AAPL
2024-02-29,57.33,57.96,57.02,57.61,42876596,AAPL
2024-03-01,56.95,57.72,56.66,57.17,74252565,AAPL
2024-03-04,58.85,58.93,58.08,58.15,66053784,AAPL
2024-03-05,56.41,56.59,56.04,56.54,35193042,AAPL
2024-03-06,57.72,58.23,55.71,56.15,80278752,AAPL
2024-03-07,56.47,57.18,56.05,56.28,5836579,AAPL
2024-03-08,57.91,58.47,56.75,57.3,86348681,AAPL
2024-03-11,56.45,56.66,55.39,56.05,20989100,AAPL
2024-03-12,57.05,57.93,56.94,57.9,34262692,AAPL
2024-03-13,57.64,58.91,57.07,58.49,25717877,AAPL
2024-03-14,58.23,58.76,57.73,57.97,12574539,AAPL
2024-03-15,58.75,59.82,58.28,59.37,7960519,AAPL
2024-03-18,59.24,59.83,58.79,59.54,20025560,AAPL
2024-03-19,60.73,61.29,60.44,60.92,6739684,AAPL
2024-03-20,63.16,63.87,63.12,63.72,30633877,AAPL
2024-03-21,65.43,66.2,63.87,64.71,7277023,AAPL
2024-03-22,64.6,65.08,64.08,64.13,44793886,AAPL
2024-03-25,63.78,64.09,63.58,63.68,11732829,AAPL
2024-03-26,64.78,64.9,64.01,64.44,26978409,AAPL
2024-03-27,64.3,65.17,63.73,64.86,46241439,AAPL
2024-03-28,64.43,64.92,63.69,63.9,44197685,AAPL
2024-03-29,62.65,63.6,62.24,63.16,40382152,AAPL
2024-04-01,64.97,65.36,64.0,64.02,26738387,AAPL
2024-04-02,66.57,67.49,66.4,66.99,78289063,AAPL
2024-04-03,63.47,64.35,63.41,63.8,74932652,AAPL
2024-04-04,65.45,65.82,63.87,64.74,67186780,AAPL
2024-04-05,64.94,66.03,64.41,64.55,19509322,AAPL
2024-04-08,64.97,65.82,64.37,65.57,33295402,AAPL
2024-04-09,67.09,67.56,66.65,66.71,3419334,AAPL
2024-04-10,66.84,67.03,66.43,66.84,11493804,AAPL
2024-04-11,65.65,65.78,64.88,65.64,8128964,AAPL
2024-04-12,64.36,64.67,63.47,63.99,52297550,AAPL
2024-04-15,62.18,62.29,61.61,61.82,11324629,AAPL
2024-04-16,63.93,64.21,62.85,63.32,86656193,AAPL
2024-04-17,63.42,63.83,62.59,63.13,77699182,AAPL
2024-04-18,62.75,63.22,62.37,62.55,34304129,AAPL
2024-04-19,62.22,63.07,61.35,62.28,6547660,AAPL
2024-04-22,61.64,61.78,60.7,60.78,86863771,AAPL
2024-04-23,60.74,61.93,60.52,61.19,45541216,AAPL
2024-04-24,63.93,64.34,61.89,62.8,41981935,AAPL
2024-04-25,65.55,65.62,63.88,64.22,16124894,AAPL
2024-04-26,63.69,64.1,61.93,62.41,24585528,AAPL
2024-04-29,64.02,64.2,63.97,64.1,4362034,AAPL
2024-04-30,64.5,64.94,62.56,63.24,56959252,AAPL
2024-05-01,61.72,62.2,60.34,61.05,72287404,AAPL
2024-05-02,60.32,60.4,59.68,59.71,76030306,AAPL
2024-05-03,60.51,60.64,58.45,58.68,89367779,AAPL
2024-05-06,58.85,59.28,58.51,58.73,10939597,AAPL
2024-05-07,57.97,58.39,57.15,57.65,48823926,AAPL
2024-05-08,55.42,56.16,54.65,56.08,82367660,AAPL
2024-05-09,54.69,56.1,54.46,55.86,5995560,AAPL
2024-05-10,58.14,58.3,57.87,57.98,36679666,AAPL
2024-05-13,57.51,57.53,56.62,57.27,83455022,AAPL
2024-05-14,58.22,58.6,57.64,57.83,36703424,AAPL
2024-05-15,58.15,58.38,57.84,57.97,49095473,AAPL
2024-05-16,59.88,61.04,59.34,61.02,63191720,AAPL
2024-05-17,59.14,59.54,58.22,58.92,44505768,AAPL
2024-05-20,60.86,60.9,59.91,60.21,74362512,AAPL
2024-05-21,59.71,60.25,58.7,58.83,57202478,AAPL
2024-05-22,57.71,58.76,57.04,58.23,11781887,AAPL
2024-05-23,57.69,58.2,56.57,58.18,38928404,AAPL
2024-05-24,61.45,62.34,61.27,61.85,39923186,AAPL
2024-05-27,60.66,61.36,60.53,61.02,79549955,AAPL
2024-05-28,58.04,59.36,57.99,58.94,66733092,AAPL
2024-05-29,60.07,60.71,60.03,60.46,66181822,AAPL
2024-05-30,60.46,60.79,59.11,59.56,71013520,AAPL
2024-05-31,58.75,59.57,58.5,59.35,87839959,AAPL
2024-06-03,58.33,60.07,57.99,59.38,22329783,AAPL
2024-06-04,59.39,60.05,59.36,59.54,58795922,AAPL
2024-06-05,59.12,59.54,59.12,59.41,16584506,AAPL
2024-06-06,60.15,60.66,59.11,59.77,14698524,AAPL
2024-06-07,59.84,60.59,59.59,60.26,31606742,AAPL
2024-06-10,61.2,61.33,60.91,61.3,11440332,AAPL
2024-06-11,60.38,61.0,60.12,60.87,16135965,AAPL
2024-06-12,59.51,60.8,59.28,60.07,39766211,AAPL
2024-06-13,59.13,59.14,58.47,58.93,4742528,AAPL
2024-06-14,59.72,60.09,59.48,59.65,52039335,AAPL
2024-06-17,59.62,59.81,58.99,59.65,82361429,AAPL
2024-06-18,60.63,61.31,60.0,60.34,41379086,AAPL
2024-06-19,60.53,61.24,60.14,61.01,41232340,AAPL
2024-06-20,63.06,63.65,62.71,63.05,76400171,AAPL
2024-06-21,63.48,64.5,63.15,63.36,75639616,AAPL
2024-06-24,65.04,65.38,63.86,64.32,55877323,AAPL
2024-06-25,61.81,63.4,61.8,62.94,36337265,AAPL
2024-06-26,61.52,62.19,61.12,61.73,83941817,AAPL
2024-06-27,61.68,62.71,61.31,61.42,14265101,AAPL
2024-06-28,59.75,60.41,58.8,60.08,83307020,AAPL
2024-07-01,60.98,61.47,60.88,60.93,51775470,AAPL
2024-07-02,59.85,60.44,58.7,59.47,49140186,AAPL
2024-07-03,59.87,60.0,59.57,59.6,36586506,AAPL
2024-07-04,56.02,57.18,55.75,56.95,9967232,AAPL
2024-07-05,55.19,56.35,54.81,55.83,17904374,AAPL
2024-07-08,54.04,55.59,53.93,55.52,12591689,AAPL
2024-07-09,55.65,56.0,55.17,55.31,63815520,AAPL
2024-07-10,53.62,53.64,52.93,53.52,9177155,AAPL
2024-07-11,54.36,55.0,53.37,53.68,57341590,AAPL
2024-07-12,54.75,55.03,54.68,54.73,86832032,AAPL
2024-07-15,54.85,55.69,54.69,55.45,48594105,AAPL
2024-07-16,55.37,55.53,54.81,54.82,6965769,AAPL
2024-07-17,53.59,54.94,52.94,54.27,82454325,AAPL
2024-07-18,53.11,53.21,52.59,53.12,81911269,AAPL
2024-07-19,53.69,53.83,53.18,53.8,37422967,AAPL
2024-07-22,55.74,56.02,54.8,55.34,73600520,AAPL
2024-07-23,55.32,55.74,54.77,54.85,46096538,AAPL
2024-07-24,52.95,53.45,52.66,53.16,77978679,AAPL
2024-07-25,53.04,53.53,52.9,53.42,47473367,AAPL
2024-07-26,54.16,54.32,53.79,54.19,83354278,AAPL
2024-07-29,51.23,51.94,50.94,51.52,29851070,AAPL
2024-07-30,52.17,52.52,51.35,51.7,7450245,AAPL
2024-07-31,54.1,54.46,53.84,53.91,40966011,AAPL
2024-08-01,55.53,55.6,54.23,54.81,35615495,AAPL
2024-08-02,56.8,56.81,54.5,55.43,40776115,AAPL
2024-08-05,55.45,56.55,54.67,55.91,79983704,AAPL
2024-08-06,56.77,57.49,56.72,57.1,50613779,AAPL
2024-08-07,56.4,56.68,55.65,56.15,11867744,AAPL
2024-08-08,55.52,55.52,55.05,55.31,41055631,AAPL
2024-08-09,55.6,56.16,55.4,55.79,71744376,AAPL
2024-08-12,54.22,55.93,53.77,55.12,32169269,AAPL
2024-08-13,56.78,56.88,55.41,55.45,69189919,AAPL
2024-08-14,53.57,54.05,53.36,53.53,19379216,AAPL
2024-08-15,53.75,54.48,53.45,54.35,68462214,AAPL
2024-08-16,54.02,55.37,53.72,55.28,77427986,AAPL
2024-08-19,56.11,56.41,55.05,55.38,18755575,AAPL
2024-08-20,55.78,55.94,55.2,55.61,47397290,AAPL
2024-08-21,57.39,58.19,57.08,57.39,7470820,AAPL
2024-08-22,55.72,56.46,55.71,56.28,77501255,AAPL
2024-08-23,55.31,55.7,55.22,55.37,27199210,AAPL
2024-08-26,54.09,54.82,53.8,54.29,85531119,AAPL
2024-08-27,52.62,54.29,52.44,53.91,68005220,AAPL
2024-08-28,54.28,54.33,52.12,52.94,27836270,AAPL
2024-08-29,53.24,53.24,52.78,53.02,52390358,AAPL
2024-08-30,52.25,52.66,52.07,52.43,54792365,AAPL
2024-09-02,50.59,51.22,50.12,51.06,73707905,AAPL
2024-09-03,49.34,49.71,49.05,49.63,85368278,AAPL
2024-09-04,52.0,52.06,50.51,50.83,37365429,AAPL
2024-09-05,51.0,51.09,50.79,50.81,19930755,AAPL
2024-09-06,50.0,50.65,49.84,50.64,46058535,AAPL
2024-09-09,51.14,51.16,50.27,50.72,25177519,AAPL
2024-09-10,50.92,51.79,49.9,50.69,54008712,AAPL
2024-09-11,51.72,52.25,51.13,51.46,51859468,AAPL
2024-09-12,51.99,52.32,51.74,52.06,35017489,AAPL
2024-09-13,51.45,52.04,51.18,51.54,10413036,AAPL
2024-09-16,50.89,51.22,50.51,50.79,18007518,AAPL
2024-09-17,49.7,50.62,49.31,49.8,10386567,AAPL
2024-09-18,48.03,49.78,47.75,48.69,30669974,AAPL
2024-09-19,49.56,50.23,49.17,50.04,12237282,AAPL
2024-09-20,49.23,49.84,48.97,49.23,24705690,AAPL
2024-09-23,46.7,47.48,46.55,47.43,84854729,AAPL
2024-09-24,46.66,46.8,46.34,46.72,39305926,AAPL
2024-09-25,45.93,46.1,45.68,46.08,83208983,AAPL
2024-09-26,46.73,46.93,45.87,46.41,18728030,AAPL
2024-09-27,45.75,45.77,45.33,45.68,87116573,AAPL
2024-09-30,46.05,46.48,45.92,46.19,88164074,AAPL
2024-10-01,46.44,46.79,46.43,46.58,38168870,AAPL
2024-10-02,47.94,48.19,47.58,47.75,76194364,AAPL
2024-10-03,50.23,50.39,49.57,49.79,14191328,AAPL
2024-10-04,52.05,53.36,51.56,52.6,9845653,AAPL
2024-10-07,53.21,54.23,52.95,54.01,60886824,AAPL
2024-10-08,52.51,52.98,52.29,52.89,66295051,AAPL
2024-10-09,51.37,53.07,50.57,52.54,34940220,AAPL
2024-10-10,52.43,52.87,52.16,52.83,18409695,AAPL
2024-10-11,55.42,55.42,54.97,54.99,41624613,AAPL
2024-10-14,56.27,56.32,55.45,55.75,33026876,AAPL
2024-10-15,57.92,58.27,56.64,57.09,13604880,AAPL
2024-10-16,56.99,57.1,56.92,56.95,53430337,AAPL
2024-10-17,57.73,57.96,57.35,57.65,13320875,AAPL
2024-10-18,58.16,58.95,57.51,58.49,33449676,AAPL
2024-10-21,57.75,58.09,57.67,58.05,16192908,AAPL
2024-10-22,59.12,59.16,58.85,58.96,27884445,AAPL
2024-10-23,60.74,60.9,60.19,60.22,79475767,AAPL
2024-10-24,60.34,60.64,58.98,60.1,64350904,AAPL
2024-10-25,60.13,62.34,59.86,61.33,66913722,AAPL
2024-10-28,63.62,63.75,63.06,63.33,27134730,AAPL
2024-10-29,63.46,64.11,62.5,63.47,61757499,AAPL
2024-10-30,63.16,63.53,62.5,63.53,53921287,AAPL
2024-10-31,63.29,63.35,63.06,63.22,41799527,AAPL
2024-11-01,63.07,63.45,62.33,62.54,7182128,AAPL
2024-11-04,62.86,63.27,62.45,62.79,69766532,AAPL
2024-11-05,61.92,62.4,61.36,62.36,24657946,AAPL
2024-11-06,64.02,64.35,60.6,62.05,32218243,AAPL
2024-11-07,60.83,61.88,60.8,61.21,22445786,AAPL
2024-11-08,59.77,60.2,59.39,59.51,12970310,AAPL
2024-11-11,59.22,59.42,58.4,58.52,36153162,AAPL
2024-11-12,58.45,58.96,58.15,58.95,37251434,AAPL
2024-11-13,57.99,58.32,57.33,57.7,60168268,AAPL
2024-11-14,56.58,57.61,56.54,57.05,63577233,AAPL
2024-11-15,58.74,59.52,58.33,58.9,20324831,AAPL
2024-11-18,59.78,60.54,59.36,60.23,62426637,AAPL
2024-11-19,60.49,60.76,59.38,59.5,33264222,AAPL
2024-11-20,59.44,61.14,59.19,60.24,88690089,AAPL
2024-11-21,59.84,59.99,59.06,59.56,66505507,AAPL
2024-11-22,61.49,61.86,60.63,61.48,56506189,AAPL
2024-11-25,59.7,61.19,59.24,60.86,40871699,AAPL
2024-11-26,62.01,62.06,60.7,61.01,9161786,AAPL
2024-11-27,62.34,62.9,62.19,62.69,70408963,AAPL
2024-11-28,61.61,62.21,61.29,61.78,39979299,AAPL
2024-11-29,63.5,63.62,63.08,63.38,36946108,AAPL
2024-12-02,61.92,62.78,61.37,62.47,77089844,AAPL
2024-12-03,62.33,63.59,62.17,62.81,80442204,AAPL
2024-12-04,62.48,62.88,62.43,62.52,78852615,AAPL
2024-12-05,61.94,62.6,61.53,62.47,74522214,AAPL
2024-12-06,62.77,62.87,62.52,62.72,84132967,AAPL
2024-12-09,63.44,63.67,62.23,62.69,58491500,AAPL
2024-12-10,60.95,61.64,60.44,61.56,13793453,AAPL
2024-12-11,61.68,62.66,60.97,62.63,68237547,AAPL
2024-12-12,63.46,64.57,63.05,63.55,62297663,AAPL
2024-12-13,65.42,65.92,64.92,65.18,34360863,AAPL
2024-12-16,67.39,68.12,66.75,66.98,53921002,AAPL
2024-12-17,64.66,65.93,64.55,65.36,66055051,AAPL
2024-12-18,65.51,67.41,65.32,67.03,26248088,AAPL
2024-12-19,69.32,70.25,68.33,68.76,33460241,AAPL
2024-12-20,68.58,68.63,67.53,68.14,16818967,AAPL
2024-12-23,70.54,71.26,69.04,69.55,14448961,AAPL
2024-12-24,70.9,72.32,70.9,71.58,14904956,AAPL
2024-12-25,71.28,71.38,70.61,70.92,67596085,AAPL
2024-12-26,69.81,70.22,68.21,69.16,46678725,AAPL
2024-12-27,67.54,69.38,67.04,68.76,44977899,AAPL
2024-12-30,73.27,74.11,72.03,72.55,72884276,AAPL
2024-12-31,73.93,74.77,72.78,72.95,37113198,AAPL
2025-01-01,71.74,72.16,70.24,71.36,80055986,AAPL
2025-01-02,71.44,72.1,70.97,71.09,74355059,AAPL
2025-01-03,70.31,70.6,69.74,69.83,80687493,AAPL
2025-01-06,69.19,69.94,68.69,69.37,71308662,AAPL
2025-01-07,68.6,69.9,68.26,69.56,81315329,AAPL
2025-01-08,65.74,66.92,65.51,66.34,31436319,AAPL
2025-01-09,66.73,66.9,66.57,66.86,21937506,AAPL
2025-01-10,68.16,69.06,67.56,68.73,32406965,AAPL
2025-01-13,69.2,69.3,68.24,68.54,72084048,AAPL
2025-01-14,67.83,68.35,67.58,68.11,79423662,AAPL
2025-01-15,69.51,69.97,69.03,69.6,89828814,AAPL
2025-01-16,66.86,68.5,66.77,68.02,9889675,AAPL
2025-01-17,66.74,66.94,66.18,66.5,32624036,AAPL
2025-01-20,64.39,65.06,63.3,64.84,9270360,AAPL
2025-01-21,65.62,66.44,64.33,64.71,44550331,AAPL
2025-01-22,64.17,65.39,63.72,65.25,46969475,AAPL
2025-01-23,65.39,65.52,64.76,65.2,23538995,AAPL
2025-01-24,65.68,66.19,65.61,65.95,83860179,AAPL
2025-01-27,66.81,67.78,66.21,67.05,67493916,AAPL
2025-01-28,68.83,69.58,67.26,67.75,57353262,AAPL
2025-01-29,67.38,68.23,65.48,66.79,41365457,AAPL
2025-01-30,65.96,66.92,65.94,66.51,9687533,AAPL
2025-01-31,69.05,69.47,67.85,68.17,34344379,AAPL
2025-02-03,66.47,68.19,66.23,66.89,81190472,AAPL
2025-02-04,67.13,67.68,66.1,66.64,34006938,AAPL
2025-02-05,65.07,66.45,64.36,66.18,45683255,AAPL
2025-02-06,65.8,66.44,65.47,66.02,68746047,AAPL
2025-02-07,64.56,65.41,64.39,64.75,3202744,AAPL
2025-02-10,62.97,63.51,62.64,63.18,70063044,AAPL
2025-02-11,65.35,66.92,65.0,66.37,21408649,AAPL
2025-02-12,66.4,67.81,66.34,67.63,87191646,AAPL
2025-02-13,66.76,67.05,66.21,66.79,82386882,AAPL
2025-02-14,67.15,67.73,66.57,66.78,23291838,AAPL
2025-02-17,67.71,68.24,67.08,67.7,75726829,AAPL
2025-02-18,67.1,67.43,66.95,67.33,50932138,AAPL
2025-02-19,67.19,68.87,67.16,68.18,84637140,AAPL
2025-02-20,67.27,67.8,66.63,67.46,5762928,AAPL
2025-02-21,66.7,67.11,65.96,67.07,46836785,AAPL
2025-02-24,66.55,67.62,66.53,67.02,76466190,AAPL
2025-02-25,66.61,67.06,66.28,66.51,64712821,AAPL
2025-02-26,63.65,63.85,63.05,63.56,17564275,AAPL
2025-02-27,63.87,65.17,63.41,63.64,20310988,AAPL
2025-02-28,63.85,64.72,63.37,64.02,11699106,AAPL
2025-03-03,64.14,64.66,63.52,64.66,32725579,AAPL
2025-03-04,63.38,64.5,62.97,63.52,7008330,AAPL
2025-03-05,63.79,64.0,63.74,63.99,55818621,AAPL
2025-03-06,63.3,64.6,62.41,64.31,60107840,AAPL
2025-03-07,62.04,62.27,61.26,62.26,82694850,AAPL
2025-03-10,58.83,60.98,58.81,59.78,27691183,AAPL
2025-03-11,59.24,60.65,58.82,60.38,29852851,AAPL
2025-03-12,58.88,59.47,58.48,59.35,53685082,AAPL
2025-03-13,60.16,61.24,59.51,60.55,9815348,AAPL
2025-03-14,63.51,63.84,62.95,63.11,8646522,AAPL
2025-03-17,62.28,62.5,61.22,62.47,26744908,AAPL
2025-03-18,62.02,63.4,60.94,61.72,75709631,AAPL
2025-03-19,62.6,63.65,61.02,61.77,10001360,AAPL
2025-03-20,62.68,63.06,62.18,62.62,78376802,AAPL
2025-03-21,61.56,61.58,60.76,61.35,62952521,AAPL
2025-03-24,62.45,63.05,62.07,62.87,52494512,AAPL
2025-03-25,64.6,64.92,63.97,64.12,7378280,AAPL
2025-03-26,65.01,65.45,64.82,64.99,7925972,AAPL
2025-03-27,64.42,64.65,63.87,64.39,49922136,AAPL
2025-03-28,64.86,65.61,63.92,65.58,46497497,AAPL
2025-03-31,66.11,67.06,65.95,66.71,43446714,AAPL
2025-04-01,64.85,65.37,64.29,65.28,84678619,AAPL
2025-04-02,68.02,68.48,67.38,67.97,70374955,AAPL
2025-04-03,68.33,68.4,67.56,67.65,22026794,AAPL
2025-04-04,67.2,69.27,66.72,68.19,27861699,AAPL
2025-04-07,67.33,68.45,67.16,67.58,27087601,AAPL
2025-04-08,67.93,68.4,67.82,68.14,39812347,AAPL
2025-04-09,71.2,71.68,69.17,69.72,33651220,AAPL
2025-04-10,68.58,68.99,67.4,68.73,60426123,AAPL
2025-04-11,66.32,67.22,65.91,66.67,81716105,AAPL
2025-04-14,66.62,66.79,66.17,66.17,74629799,AAPL
2025-04-15,63.93,65.35,63.9,64.62,82599259,AAPL
2025-04-16,64.07,64.71,63.59,63.76,23487728,AAPL
2025-04-17,62.65,63.98,62.48,63.67,69475256,AAPL
2025-04-18,64.85,66.28,63.1,63.65,86679029,AAPL
2025-04-21,65.24,65.46,64.22,65.29,53106951,AAPL
2025-04-22,63.83,64.59,63.7,64.11,43358380,AAPL
2025-04-23,63.78,65.08,63.16,64.6,49753826,AAPL
2025-04-24,63.93,64.23,63.86,64.04,67050279,AAPL
2025-04-25,65.81,66.0,64.9,65.78,13592065,AAPL
2025-04-28,68.57,69.56,68.52,69.06,45856585,AAPL
2025-04-29,70.29,70.74,69.3,69.53,75503039,AAPL
2025-04-30,71.59,72.63,71.35,71.83,29992055,AAPL
2025-05-01,71.23,71.75,70.99,71.18,41899563,AAPL
2025-05-02,69.3,69.41,68.71,69.13,51738167,AAPL
2025-05-05,68.4,68.57,67.28,67.55,49419577,AAPL
2025-05-06,65.38,66.09,65.3,65.63,57102200,AAPL
2025-05-07,64.54,64.63,64.5,64.52,16975361,AAPL
2025-05-08,64.45,65.33,64.07,64.29,86902542,AAPL
2025-05-09,66.13,66.96,65.72,65.76,44888368,AAPL
2025-05-12,65.53,66.86,65.06,66.7,28147833,AAPL
2025-05-13,68.07,68.38,66.53,67.35,76402452,AAPL
2025-05-14,66.79,66.9,66.47,66.88,67841701,AAPL
2025-05-15,65.57,66.51,65.1,66.03,89130715,AAPL
2025-05-16,66.11,66.68,65.93,66.14,19777887,AAPL
2025-05-19,65.16,66.49,64.63,66.37,71607364,AAPL
2025-05-20,66.26,67.11,65.84,66.76,15203304,AAPL
2025-05-21,67.4,67.62,66.85,67.29,30845739,AAPL
2025-05-22,68.06,68.27,66.65,67.21,35292644,AAPL
2025-05-23,64.81,65.85,64.72,64.87,36290651,AAPL
2025-05-26,63.8,63.93,62.83,63.58,61234852,AAPL
2025-05-27,62.47,62.7,62.32,62.65,79391095,AAPL
2025-05-28,65.27,65.53,64.03,64.76,2751217,AAPL
2025-05-29,64.04,64.88,63.97,64.3,4190062,AAPL
2025-05-30,65.46,65.71,64.84,65.18,7990600,AAPL
2025-06-02,66.85,67.28,66.3,67.08,41973333,AAPL
2025-06-03,66.94,68.54,66.67,67.57,57463463,AAPL
2025-06-04,66.49,67.29,66.39,67.13,82703294,AAPL
2025-06-05,66.41,66.97,65.99,66.82,69278456,AAPL
2025-06-06,66.32,66.97,65.5,65.61,5507579,AAPL
2025-06-09,68.03,68.92,65.51,66.05,80451828,AAPL
2025-06-10,67.4,67.79,66.33,67.54,57548508,AAPL
2025-06-11,67.85,68.4,67.58,68.33,73407066,AAPL
2025-06-12,69.74,70.31,68.97,69.4,44863716,AAPL
2025-06-13,70.74,71.24,70.22,70.42,82215429,AAPL
2025-06-16,72.83,73.64,72.4,73.21,39935189,AAPL
2025-06-17,73.71,74.02,71.51,72.4,14764475,AAPL
2025-06-18,73.28,73.6,72.41,72.69,67709363,AAPL
2025-06-19,74.39,74.57,72.98,73.73,64980355,AAPL
2025-06-20,75.61,76.22,74.17,75.56,73040921,AAPL
2025-06-23,72.33,72.81,72.11,72.25,11054112,AAPL
2025-06-24,72.26,73.05,70.9,71.6,60609676,AAPL
2025-06-25,70.45,71.96,69.51,71.39,78518422,AAPL
2025-06-26,69.54,70.91,68.74,70.08,9150661,AAPL
2025-06-27,71.34,72.39,70.24,71.28,35206840,AAPL
2025-06-30,70.65,72.15,70.61,71.64,75608742,AAPL
2025-07-01,72.28,72.34,70.64,71.18,86450064,AAPL
2025-07-02,68.67,69.81,68.58,69.08,75375291,AAPL
2025-07-03,67.16,67.75,66.18,67.44,79979997,AAPL
2025-07-04,66.46,66.88,65.95,66.25,45961008,AAPL
2025-07-07,67.84,68.77,66.8,66.89,27782804,AAPL
2025-07-08,65.4,65.75,64.78,65.43,75401185,AAPL
2025-07-09,62.52,63.06,61.96,62.98,72763158,AAPL
2025-07-10,60.79,61.39,60.76,61.33,19278589,AAPL
2025-07-11,60.84,61.11,59.96,60.71,26671858,AAPL
2025-07-14,62.37,62.78,62.11,62.72,40860786,AAPL
2025-07-15,67.29,67.86,65.47,65.82,83332885,AAPL
2025-07-16,66.06,66.4,65.27,65.28,45475327,AAPL
2025-07-17,64.53,67.39,63.96,66.52,81995918,AAPL
2025-07-18,67.77,68.61,66.77,68.37,35459946,AAPL
2025-07-21,70.35,70.96,69.95,70.12,86628306,AAPL
2025-07-22,71.56,72.26,69.49,70.03,65081956,AAPL
2025-07-23,67.09,68.45,66.99,68.39,40992266,AAPL
2025-07-24,67.55,67.83,67.33,67.83,87353108,AAPL
2025-07-25,66.29,66.66,65.4,65.55,5568074,AAPL
2025-07-28,65.47,66.06,65.28,65.91,14983700,AAPL
2025-07-29,66.99,67.28,66.52,66.95,18856156,AAPL
2025-07-30,64.35,65.08,64.04,64.65,44540357,AAPL
2025-07-31,65.06,65.17,64.6,64.65,47438855,AAPL
2025-08-01,64.4,65.63,64.32,65.07,56062794,AAPL
2025-08-04,66.71,67.0,66.62,66.69,50493864,AAPL
2025-08-05,67.57,68.94,67.08,68.52,7533925,AAPL
2025-08-06,70.27,70.51,69.44,69.63,63857619,AAPL
2025-08-07,69.19,69.31,68.72,68.8,75843425,AAPL
2025-08-08,68.36,68.88,67.75,68.38,75754600,AAPL
2025-08-11,70.05,70.42,69.51,70.02,11884552,AAPL
2025-08-12,69.31,69.32,69.05,69.29,10003031,AAPL
2025-08-13,69.06,69.4,67.88,69.3,13139978,AAPL
2025-08-14,71.55,71.81,71.38,71.45,26199326,AAPL
2025-08-15,71.94,72.25,71.07,71.69,12175422,AAPL
2025-08-18,69.87,70.19,69.04,69.92,25490037,AAPL
2025-08-19,69.2,70.01,68.93,69.59,20279642,AAPL
2025-08-20,70.24,70.73,69.67,70.51,4478461,AAPL
2025-08-21,70.02,71.14,69.88,70.32,81056237,AAPL
2025-08-22,72.26,72.27,71.74,71.95,28526440,AAPL
2025-08-25,73.89,73.95,73.22,73.78,61046839,AAPL
2025-08-26,74.31,75.09,72.42,72.95,37007194,AAPL
2025-08-27,72.21,72.92,71.64,72.33,76157773,AAPL
2025-08-28,72.31,73.28,72.03,72.25,46525992,AAPL
2025-08-29,70.28,70.74,70.14,70.7,62563238,AAPL
2025-09-01,71.34,71.8,70.6,71.27,76074672,AAPL
2025-09-02,70.8,71.43,70.15,71.1,16327071,AAPL
2025-09-03,71.64,73.1,71.54,72.23,85375604,AAPL
2025-09-04,71.59,71.93,70.99,71.48,5655921,AAPL
2025-09-05,71.43,71.81,70.15,70.37,35643959,AAPL
2025-09-08,72.33,73.32,71.95,72.93,6905345,AAPL
2025-09-09,71.35,72.31,70.85,71.8,28387692,AAPL
2025-09-10,71.05,71.31,70.6,71.07,11749677,AAPL
2025-09-11,70.33,70.36,69.15,70.16,17658976,AAPL
2025-09-12,70.68,71.07,69.23,69.83,81826173,AAPL
2025-09-15,68.27,69.29,68.22,68.69,21773566,AAPL
2025-09-16,68.61,69.8,68.53,68.7,35958589,AAPL
2025-09-17,67.34,68.18,66.69,67.86,58215245,AAPL
2025-09-18,66.83,67.74,66.3,67.39,34852417,AAPL
2025-09-19,67.61,68.11,67.39,67.92,37360753,AAPL
2025-09-22,68.16,68.93,67.21,68.89,74888827,AAPL
2025-09-23,69.85,69.97,68.89,69.57,75175520,AAPL
2025-09-24,69.34,69.74,68.08,68.67,46242882,AAPL
2025-09-25,68.91,69.56,67.92,69.25,39414549,AAPL
2025-09-26,68.69,69.58,67.63,69.16,60496137,AAPL
2025-09-29,69.94,69.98,68.25,69.09,81594742,AAPL
2025-09-30,66.79,67.03,66.13,66.94,7543624,AAPL
2025-10-01,68.8,70.14,67.68,67.86,58104281,AAPL
2025-10-02,65.88,68.39,65.39,67.74,89580136,AAPL
2025-10-03,69.91,70.11,69.13,70.03,60828763,AAPL
2025-10-06,70.25,71.27,69.2,70.95,60408354,AAPL
2025-10-07,69.17,70.05,68.41,69.54,72435787,AAPL
2025-10-08,68.32,69.06,67.65,67.82,75375442,AAPL
2025-10-09,70.07,70.74,68.43,69.38,58968418,AAPL
2025-10-10,68.18,68.75,67.66,68.3,74533716,AAPL
2025-10-13,69.86,70.01,68.74,69.26,55910324,AAPL
2025-10-14,68.19,69.16,68.01,68.93,89364927,AAPL
2025-10-15,71.96,72.56,71.7,71.8,7030037,AAPL
2025-10-16,71.85,72.6,71.26,71.97,3589046,AAPL
2025-10-17,72.93,74.51,71.93,74.14,56434356,AAPL
2025-10-20,76.73,76.76,75.72,76.1,62133971,AAPL
2025-10-21,75.02,75.93,74.8,75.51,40890846,AAPL
2025-10-22,75.41,75.85,74.22,75.12,9541988,AAPL
2025-10-23,76.76,78.0,76.15,77.34,3847364,AAPL
2025-10-24,77.53,78.17,76.86,77.42,20959348,AAPL
2025-10-27,76.67,77.04,75.9,76.25,81935092,AAPL
2025-10-28,78.07,78.37,77.93,78.09,45460262,AAPL
2025-10-29,81.69,82.78,80.87,82.08,72580718,AAPL
2025-10-30,82.57,83.04,82.07,82.12,75105761,AAPL
2025-10-31,84.58,85.27,83.81,84.43,71481735,AAPL
2025-11-03,83.94,84.36,83.91,84.29,28602277,AAPL
2025-11-04,86.62,87.48,86.04,86.6,10577406,AAPL
2025-11-05,86.25,86.67,86.07,86.34,11291302,AAPL
2025-11-06,88.37,88.87,87.84,88.68,48565483,AAPL
2025-11-07,90.48,90.99,89.13,89.73,9210543,AAPL
2025-11-10,91.03,92.63,88.3,89.57,87084624,AAPL
2025-11-11,89.67,90.36,89.04,90.12,56073272,AAPL
2025-11-12,89.25,89.7,88.28,89.36,79011755,AAPL
2025-11-13,86.84,88.22,85.99,87.63,73065355,AAPL
2025-11-14,84.96,86.37,84.08,86.06,89684735,AAPL
2025-11-17,87.04,87.46,85.82,86.13,34160272,AAPL
2025-11-18,84.03,85.61,84.0,84.58,58551109,AAPL
2025-11-19,85.72,85.76,85.36,85.46,50034054,AAPL
2025-11-20,85.37,87.17,85.12,86.49,66917872,AAPL
2025-11-21,86.9,87.47,86.32,87.45,58601755,AAPL
2025-11-24,87.18,87.95,86.55,86.81,12729004,AAPL
2025-11-25,87.46,88.53,86.37,87.09,87021765,AAPL
2025-11-26,87.41,89.11,86.66,87.23,37871055,AAPL
2025-11-27,89.97,90.14,89.46,89.63,2518799,AAPL
2025-11-28,88.64,88.98,88.04,88.47,71179023,AAPL
2025-12-01,88.84,90.26,87.68,88.02,74523899,AAPL
2025-12-02,89.22,89.6,87.43,87.83,24088835,AAPL
2025-12-03,88.24,89.23,87.73,87.79,66336290,AAPL
2025-12-04,86.64,88.1,85.17,86.75,39461987,AAPL
2025-12-05,85.07,86.92,83.79,85.91,63677490,AAPL
2025-12-08,87.36,88.59,87.24,87.78,9393412,AAPL
2025-12-09,86.64,87.53,85.62,86.92,65331056,AAPL
2025-12-10,89.83,90.22,88.35,88.64,39804398,AAPL
2025-12-11,90.96,92.73,90.13,92.33,59746389,AAPL
2025-12-12,94.07,95.31,93.31,94.8,24890584,AAPL
2025-12-15,90.92,93.02,90.72,91.83,85691304,AAPL
2025-12-16,94.14,94.88,93.13,93.39,61154355,AAPL
2025-12-17,93.82,95.67,92.45,94.46,17178776,AAPL
2025-12-18,93.98,97.04,91.93,95.66,83214196,AAPL
2025-12-19,91.15,93.18,90.35,92.97,73768731,AAPL
2025-12-22,94.79,95.57,94.45,94.53,69634193,AAPL
2025-12-23,91.36,93.27,91.29,92.82,84629170,AAPL
2025-12-24,96.3,96.66,94.11,95.33,46916912,AAPL
2025-12-25,98.46,98.67,96.34,97.5,57936046,AAPL
2025-12-26,101.42,103.51,100.84,102.55,57929378,AAPL
2025-12-29,101.67,102.65,101.13,102.03,65248898,AAPL
2025-12-30,99.34,99.72,98.16,99.35,45443053,AAPL
2025-12-31,100.1,102.02,98.34,101.56,66606482,AAPL
2026-01-01,102.24,103.72,102.16,103.48,41579633,AAPL
2026-01-02,102.3,103.7,101.99,102.95,59787631,AAPL
2026-01-05,105.79,106.05,104.76,105.86,84262450,AAPL
2026-01-06,107.72,108.85,105.57,107.48,39241155,AAPL
2026-01-07,103.22,105.57,102.7,105.12,40368615,AAPL
2026-01-08,104.85,105.66,103.63,104.65,58628851,AAPL
2026-01-09,103.84,104.09,103.03,103.99,6224260,AAPL
2026-01-12,103.7,104.38,102.46,104.0,72564736,AAPL
2026-01-13,104.1,105.9,103.81,104.6,22813394,AAPL
2026-01-14,104.41,105.01,102.69,103.45,22975047,AAPL
2026-01-15,104.77,105.43,103.2,103.29,76290437,AAPL
2026-01-16,104.17,105.65,104.0,104.66,37942663,AAPL
2026-01-19,104.53,105.47,103.8,104.74,7764459,AAPL
2026-01-20,102.81,104.87,102.17,104.43,27601022,AAPL
2026-01-21,103.6,105.26,103.23,104.05,19945355,AAPL
2026-01-22,104.7,105.95,103.52,104.07,53754946,AAPL
2026-01-23,100.44,101.95,99.63,100.58,78918037,AAPL
2026-01-26,101.39,102.39,100.41,101.09,70423827,AAPL
2026-01-27,99.21,99.57,98.72,99.36,80006544,AAPL
2026-01-28,99.82,100.97,99.24,99.76,82025685,AAPL
2026-01-29,97.81,98.66,96.47,97.23,42413716,AAPL
2026-01-30,99.83,100.01,97.31,99.15,9385685,AAPL
2026-02-02,97.93,100.12,96.43,99.8,60725630,AAPL
2026-02-03,97.26,98.6,95.73,97.49,82889118,AAPL
2026-02-04,95.41,99.09,94.95,98.13,21044193,AAPL
2026-02-05,96.93,97.46,95.9,96.94,2979472,AAPL
2026-02-06,99.96,100.53,99.55,100.5,50102445,AAPL
2026-02-09,101.07,103.22,100.78,101.65,33776658,AAPL
2026-02-10,101.81,102.25,99.62,100.35,43758077,AAPL
2026-02-11,101.31,102.0,100.36,100.99,37770658,AAPL
2026-02-12,102.21,102.78,100.66,101.14,64663782,AAPL
2026-02-13,104.28,104.91,103.46,103.68,51115521,AAPL
2026-02-16,106.26,107.22,103.1,104.6,72091737,AAPL
2026-02-17,105.6,105.94,105.01,105.85,68641084,AAPL
2026-02-18,103.61,104.7,103.35,103.86,20362953,AAPL
2026-02-19,105.56,106.88,105.05,105.66,37500716,AAPL
2026-02-20,112.71,114.01,108.61,110.17,85410062,AAPL
2026-02-23,111.28,111.82,109.03,111.75,34642064,AAPL
2026-02-24,111.93,112.31,111.3,111.91,71106999,AAPL
2026-02-25,113.96,114.11,112.39,112.51,22515761,AAPL
2026-02-26,111.71,112.58,110.12,110.74,36717421,AAPL
2026-02-27,110.86,112.26,110.65,111.38,64030687,AAPL
2026-03-02,111.14,111.21,107.81,109.34,88812413,AAPL
2026-03-03,110.17,110.47,108.75,109.67,79995004,AAPL
2026-03-04,110.61,110.88,108.81,109.11,36275530,AAPL
2026-03-05,108.27,109.06,107.65,107.65,6657995,AAPL
2026-03-06,109.89,110.06,108.25,109.09,64547644,AAPL
2026-03-09,105.55,107.19,105.18,106.3,72616161,AAPL
2026-03-10,107.88,109.02,106.19,106.45,15376442,AAPL
2026-03-11,103.37,104.13,103.0,104.06,19759536,AAPL
2026-03-12,108.04,108.5,107.46,107.96,89167900,AAPL
2026-03-13,113.47,114.76,111.62,112.32,25181406,AAPL
2026-03-16,114.02,114.89,113.69,114.39,87527531,AAPL
2026-03-17,118.97,119.77,117.9,118.83,4745940,AAPL
2026-03-18,120.46,120.46,119.95,120.45,89021901,AAPL
2026-03-19,122.14,122.76,121.64,121.96,20024576,AAPL
2026-03-20,121.94,122.83,118.76,121.26,70704681,AAPL
2026-03-23,117.8,119.92,116.98,119.49,55543354,AAPL
2026-03-24,119.46,120.06,119.36,120.05,8249600,AAPL
2026-03-25,121.43,121.52,118.72,119.11,20361903,AAPL
2026-03-26,116.21,118.57,115.97,118.39,28575763,AAPL
2026-03-27,119.58,120.59,119.53,120.3,77983686,AAPL
2026-03-30,121.19,121.56,119.4,120.28,4179913,AAPL
2026-03-31,115.01,117.6,114.84,117.04,42387842,AAPL
2026-04-01,115.87,117.16,115.29,116.82,46905572,AAPL
2026-04-02,114.53,116.33,113.6,115.41,37619274,AAPL
2026-04-03,116.72,116.88,113.71,115.02,56476715,AAPL
2026-04-06,111.98,113.39,111.21,112.9,75073273,AAPL
2026-04-07,116.44,116.87,114.23,115.75,88065076,AAPL
2026-04-08,119.53,121.16,118.34,120.25,16041920,AAPL
2026-04-09,118.01,120.72,117.32,118.0,27120796,AAPL
2026-04-10,118.44,120.28,118.1,119.72,3818746,AAPL
2026-04-13,119.66,121.41,119.18,121.34,54576979,AAPL
2026-04-14,118.63,120.47,118.22,119.16,29641335,AAPL
2026-04-15,118.09,120.09,117.46,119.65,89231708,AAPL
2026-04-16,122.94,123.93,122.17,123.15,72116759,AAPL
2026-04-17,125.54,126.4,124.9,125.4,61097259,AAPL
2026-04-20,130.08,131.24,129.29,129.58,88510578,AAPL
2026-04-21,128.85,129.88,125.67,127.01,76265986,AAPL
2026-04-22,127.18,128.84,125.27,125.5,11792210,AAPL
2026-04-23,125.14,127.1,124.9,126.46,85805152,AAPL
2026-04-24,126.67,127.64,124.89,127.57,74362444,AAPL
2026-04-27,129.94,131.1,127.4,127.9,5329076,AAPL
2026-04-28,127.16,127.28,126.62,127.23,79045188,AAPL
2026-04-29,126.04,126.71,124.74,126.5,55568991,AAPL
2026-04-30,126.58,127.72,124.44,125.31,37825112,AAPL
2026-05-01,125.88,127.94,125.76,126.63,46666322,AAPL
2026-05-04,121.5,121.76,120.05,120.44,67156982,AAPL
2026-05-05,124.02,126.21,123.07,124.38,46853569,AAPL
2026-05-06,124.89,126.31,122.78,123.38,79821258,AAPL
2026-05-07,120.16,121.67,119.74,120.32,58918713,AAPL
2026-05-08,122.74,122.78,120.57,121.8,79315334,AAPL
2026-05-11,120.02,121.25,118.07,118.84,12011103,AAPL
2026-05-12,121.76,121.92,119.72,119.93,85778227,AAPL
2026-05-13,118.35,121.5,117.19,119.25,54828842,AAPL
2026-05-14,120.37,120.83,118.9,120.81,85243740,AAPL
2026-05-15,121.2,124.46,120.21,122.85,14975509,AAPL
2026-05-18,124.06,126.25,124.04,126.12,70030798,AAPL
2026-05-19,124.58,126.21,124.43,125.16,44812676,AAPL
2026-05-20,124.89,125.43,124.03,124.7,24041569,AAPL
2026-05-21,126.37,127.01,124.82,124.89,50837217,AAPL
2026-05-22,121.32,122.18,120.97,121.8,56231419,AAPL
2026-05-25,125.62,126.23,122.71,123.39,74299481,AAPL
2026-05-26,124.11,124.25,122.95,123.9,42825688,AAPL
2026-05-27,122.01,122.41,120.67,121.01,14941219,AAPL
2026-05-28,123.71,124.78,122.33,124.01,33923189,AAPL
2026-05-29,125.95,127.9,124.91,127.47,89393010,AAPL
2026-06-01,126.41,127.29,123.55,124.54,44894616,AAPL
2026-06-02,125.76,126.9,125.07,126.11,75171665,AAPL
2026-06-03,130.69,133.07,128.8,129.34,31551221,AAPL
2026-06-04,131.16,132.46,130.71,131.62,4364195,AAPL
2026-06-05,130.13,131.2,127.6,129.42,20624759,AAPL
2026-06-08,126.05,126.28,125.56,126.25,77694602,AAPL
2026-06-09,125.76,126.44,124.69,126.18,84178503,AAPL
2026-06-10,125.02,125.29,124.29,125.2,46574738,AAPL
2026-06-11,126.18,126.87,124.52,125.38,4939073,AAPL
2026-06-12,123.9,125.61,123.52,125.33,89873038,AAPL
2026-06-15,125.61,126.86,124.35,126.79,41104413,AAPL
2026-06-16,126.81,127.21,125.03,125.65,55718194,AAPL
2026-06-17,124.58,126.45,124.37,125.46,3227797,AAPL
2026-06-18,133.12,133.73,131.82,132.9,8234404,AAPL
2026-06-19,131.07,132.91,129.64,132.78,71561842,AAPL
2026-06-22,134.56,135.39,134.0,134.84,42639580,AAPL
2026-06-23,137.18,138.13,135.77,135.78,44973491,AAPL
2026-06-24,136.64,137.26,135.82,136.55,52183370,AAPL
2026-06-25,134.66,134.81,133.17,134.41,11475397,AAPL
2026-06-26,135.44,136.59,134.78,135.96,73258058,AAPL
2026-06-29,136.13,137.17,135.99,136.02,14930406,AAPL
2026-06-30,135.99,139.16,134.76,138.34,87137138,AAPL
2026-07-01,141.77,144.11,140.55,144.01,58414765,AAPL
2026-07-02,145.26,146.75,144.02,144.72,29490906,AAPL
2026-07-03,144.55,148.39,143.51,147.03,65553357,AAPL
2026-07-06,146.18,147.96,143.99,144.42,51656366,AAPL
2026-07-07,146.08,146.47,144.57,144.94,14319841,AAPL
2026-07-08,147.74,150.06,145.01,149.46,88429964,AAPL
2026-07-09,146.39,150.02,144.85,149.5,7258143,AAPL
2026-07-10,144.51,148.14,144.25,147.92,55317661,AAPL
2026-07-13,149.11,150.21,147.57,148.71,20883902,AAPL
2026-07-14,148.23,148.52,146.6,148.39,87401290,AAPL
2026-07-15,149.78,149.98,147.43,147.92,11645313,AAPL
2026-07-16,147.71,148.71,145.42,147.09,42603151,AAPL
2026-07-17,155.15,155.71,150.93,152.93,36767621,AAPL
2026-07-20,151.85,152.98,148.78,150.64,34795215,AAPL
