Date,Open,High,Low,Close,Volume,ticker
2019-01-01,3.84,3.95,3.81,3.91,27046249,NVDA
2019-01-02,3.77,3.85,3.71,3.77,57528887,NVDA
2019-01-03,3.86,3.88,3.72,3.75,88464447,NVDA
2019-01-04,3.75,3.82,3.74,3.8,16266938,NVDA
2019-01-07,3.93,3.99,3.86,3.95,41317882,NVDA
2019-01-08,3.96,4.0,3.91,3.97,15292913,NVDA
2019-01-09,3.93,3.94,3.89,3.91,88271811,NVDA
2019-01-10,3.73,3.89,3.71,3.83,61634952,NVDA
2019-01-11,3.94,3.95,3.9,3.92,26032073,NVDA
2019-01-14,4.17,4.19,4.04,4.13,49906372,NVDA
2019-01-15,4.33,4.35,4.14,4.17,41541858,NVDA
2019-01-16,4.02,4.07,4.0,4.03,37502587,NVDA
2019-01-17,3.89,3.96,3.88,3.92,71348285,NVDA
2019-01-18,4.13,4.22,4.12,4.13,34154839,NVDA
2019-01-21,4.0,4.27,3.92,4.16,39830893,NVDA
2019-01-22,3.98,3.99,3.94,3.96,60405551,NVDA
2019-01-23,4.05,4.11,3.92,3.96,68690870,NVDA
2019-01-24,3.83,3.85,3.8,3.83,45787509,NVDA
2019-01-25,3.76,3.79,3.71,3.76,16808966,NVDA
2019-01-28,3.7,3.72,3.69,3.72,40015106,NVDA
2019-01-29,3.65,3.65,3.6,3.65,86616999,NVDA
2019-01-30,3.64,3.71,3.63,3.71,67236106,NVDA
2019-01-31,3.8,3.88,3.71,3.72,11394786,NVDA
2019-02-01,3.63,3.67,3.61,3.66,75672596,NVDA
2019-02-04,3.69,3.77,3.68,3.71,14990120,NVDA
2019-02-05,3.91,3.98,3.79,3.81,59060118,NVDA
2019-02-06,3.64,3.68,3.61,3.64,16710754,NVDA
2019-02-07,3.59,3.62,3.58,3.62,76294930,NVDA
2019-02-08,3.61,3.67,3.51,3.52,67616412,NVDA
2019-02-11,3.52,3.59,3.45,3.51,19641167,NVDA
2019-02-12,3.43,3.44,3.35,3.38,80945977,NVDA
2019-02-13,3.36,3.41,3.36,3.39,70404968,NVDA
2019-02-14,3.3,3.41,3.21,3.39,79398445,NVDA
2019-02-15,3.38,3.4,3.34,3.37,33370617,NVDA
2019-02-18,3.35,3.37,3.24,3.27,48562912,NVDA
2019-02-19,3.22,3.3,3.19,3.24,86892510,NVDA
2019-02-20,3.16,3.21,3.14,3.14,11628915,NVDA
2019-02-21,3.06,3.08,3.02,3.02,84233106,NVDA
2019-02-22,3.06,3.09,3.03,3.05,85922354,NVDA
2019-02-25,2.96,3.01,2.95,2.96,54879698,NVDA
2019-02-26,3.11,3.16,3.03,3.07,18687173,NVDA
2019-02-27,3.16,3.21,3.11,3.14,70568699,NVDA
2019-02-28,2.94,3.0,2.92,2.97,50170955,NVDA
2019-03-01,3.05,3.11,2.96,3.0,3362744,NVDA
2019-03-04,2.94,2.96,2.81,2.9,15983255,NVDA
2019-03-05,2.93,2.97,2.9,2.91,36341173,NVDA
2019-03-06,2.96,2.99,2.91,2.92,69151481,NVDA
2019-03-07,2.65,2.77,2.64,2.76,59591177,NVDA
2019-03-08,2.76,2.77,2.74,2.75,83445346,NVDA
2019-03-11,2.73,2.77,2.71,2.73,14519945,NVDA
2019-03-12,2.73,2.83,2.7,2.82,50086575,NVDA
2019-03-13,2.81,2.84,2.71,2.72,76945317,NVDA
2019-03-14,2.81,2.84,2.75,2.79,44299323,NVDA
2019-03-15,2.69,2.81,2.68,2.71,61571102,NVDA
2019-03-18,2.67,2.71,2.62,2.69,3262511,NVDA
2019-03-19,2.64,2.65,2.62,2.62,37719041,NVDA
2019-03-20,2.75,2.76,2.68,2.75,55792018,NVDA
2019-03-21,2.73,2.8,2.72,2.8,79464981,NVDA
2019-03-22,3.01,3.07,2.97,3.02,51581722,NVDA
2019-03-25,3.11,3.12,3.08,3.09,18538340,NVDA
2019-03-26,3.21,3.24,3.14,3.17,39769736,NVDA
2019-03-27,3.31,3.32,3.24,3.26,18897437,NVDA
2019-03-28,3.16,3.22,3.14,3.21,89128665,NVDA
2019-03-29,3.18,3.21,3.18,3.21,71857736,NVDA
2019-04-01,3.37,3.4,3.29,3.35,3587731,NVDA
2019-04-02,3.29,3.33,3.27,3.32,56377486,NVDA
2019-04-03,3.36,3.4,3.29,3.35,57197745,NVDA
2019-04-04,3.31,3.36,3.25,3.35,6220289,NVDA
2019-04-05,3.45,3.47,3.4,3.42,40469777,NVDA
2019-04-08,3.4,3.41,3.38,3.39,85498538,NVDA
2019-04-09,3.42,3.46,3.35,3.38,63410229,NVDA
2019-04-10,3.42,3.44,3.36,3.42,24013819,NVDA
2019-04-11,3.4,3.44,3.38,3.43,33335967,NVDA
2019-04-12,3.29,3.41,3.26,3.35,23014090,NVDA
2019-04-15,3.46,3.47,3.42,3.45,89914026,NVDA
2019-04-16,3.3,3.35,3.25,3.33,17960112,NVDA
2019-04-17,3.14,3.27,3.12,3.21,38140484,NVDA
2019-04-18,3.08,3.12,3.05,3.1,24502199,NVDA
2019-04-19,3.24,3.25,3.13,3.2,38767082,NVDA
2019-04-22,3.23,3.3,3.16,3.17,25053325,NVDA
2019-04-23,3.12,3.12,3.06,3.08,84739580,NVDA
2019-04-24,3.05,3.1,2.95,2.99,65278257,NVDA
2019-04-25,3.02,3.05,2.98,3.03,54603498,NVDA
2019-04-26,2.94,2.97,2.92,2.94,82026110,NVDA
2019-04-29,2.8,2.89,2.78,2.84,40659630,NVDA
2019-04-30,2.87,2.91,2.84,2.9,44937058,NVDA
2019-05-01,2.87,2.92,2.79,2.8,55830926,NVDA
2019-05-02,2.8,2.82,2.74,2.78,74673361,NVDA
2019-05-03,2.82,2.82,2.76,2.79,34562771,NVDA
2019-05-06,2.87,2.87,2.74,2.75,45208087,NVDA
2019-05-07,2.84,2.85,2.66,2.76,65361999,NVDA
2019-05-08,2.84,2.93,2.84,2.88,67750822,NVDA
2019-05-09,2.88,2.89,2.84,2.84,46474921,NVDA
2019-05-10,2.71,2.74,2.64,2.74,70311900,NVDA
2019-05-13,2.64,2.65,2.56,2.6,47701138,NVDA
2019-05-14,2.51,2.59,2.51,2.58,23879536,NVDA
2019-05-15,2.53,2.57,2.48,2.56,7556765,NVDA
2019-05-16,2.56,2.61,2.55,2.59,56712824,NVDA
2019-05-17,2.64,2.68,2.53,2.56,58416344,NVDA
2019-05-20,2.46,2.53,2.45,2.53,15496052,NVDA
2019-05-21,2.52,2.55,2.48,2.48,63655680,NVDA
2019-05-22,2.49,2.51,2.42,2.45,41055116,NVDA
2019-05-23,2.47,2.51,2.45,2.46,67451997,NVDA
2019-05-24,2.47,2.52,2.41,2.44,35696242,NVDA
2019-05-27,2.55,2.55,2.44,2.45,76516840,NVDA
2019-05-28,2.62,2.63,2.59,2.6,70964861,NVDA
2019-05-29,2.64,2.66,2.62,2.65,18496897,NVDA
2019-05-30,2.58,2.65,2.49,2.53,20006988,NVDA
2019-05-31,2.71,2.71,2.64,2.67,72151680,NVDA
2019-06-03,2.66,2.78,2.63,2.71,2478518,NVDA
2019-06-04,2.65,2.66,2.61,2.63,50635164,NVDA
2019-06-05,2.73,2.76,2.67,2.71,85321728,NVDA
2019-06-06,2.68,2.79,2.66,2.72,72321981,NVDA
2019-06-07,2.64,2.73,2.62,2.68,69740637,NVDA
2019-06-10,2.61,2.65,2.59,2.63,8580450,NVDA
2019-06-11,2.52,2.61,2.48,2.56,23085541,NVDA
2019-06-12,2.59,2.63,2.55,2.57,63801573,NVDA
2019-06-13,2.68,2.69,2.59,2.66,85266959,NVDA
2019-06-14,2.55,2.66,2.55,2.64,47935569,NVDA
2019-06-17,2.66,2.68,2.66,2.68,37446080,NVDA
2019-06-18,2.85,2.9,2.8,2.84,85378368,NVDA
2019-06-19,2.69,2.79,2.68,2.74,7817561,NVDA
2019-06-20,2.76,2.78,2.74,2.77,14979837,NVDA
2019-06-21,2.77,2.82,2.74,2.75,44590468,NVDA
2019-06-24,2.61,2.71,2.56,2.67,65938720,NVDA
2019-06-25,2.59,2.6,2.57,2.6,56121690,NVDA
2019-06-26,2.51,2.64,2.48,2.6,71218025,NVDA
2019-06-27,2.67,2.68,2.61,2.64,60247904,NVDA
2019-06-28,2.58,2.63,2.52,2.6,87630083,NVDA
2019-07-01,2.56,2.67,2.49,2.61,78304600,NVDA
2019-07-02,2.6,2.74,2.58,2.68,36404920,NVDA
2019-07-03,2.64,2.75,2.62,2.71,69252130,NVDA
2019-07-04,2.84,2.86,2.75,2.79,63120202,NVDA
2019-07-05,2.8,2.83,2.79,2.83,35070550,NVDA
2019-07-08,2.86,2.91,2.83,2.88,11089108,NVDA
2019-07-09,3.03,3.07,2.97,3.05,52732645,NVDA
2019-07-10,3.04,3.14,3.02,3.11,68133969,NVDA
2019-07-11,3.17,3.17,3.13,3.13,49240803,NVDA
2019-07-12,3.09,3.25,3.06,3.21,21266043,NVDA
2019-07-15,3.17,3.21,3.11,3.13,48512166,NVDA
2019-07-16,3.07,3.11,3.01,3.1,65588750,NVDA
2019-07-17,3.19,3.19,3.18,3.18,61440319,NVDA
2019-07-18,3.27,3.29,3.24,3.25,60295683,NVDA
2019-07-19,3.46,3.51,3.38,3.42,81807631,NVDA
2019-07-22,3.36,3.43,3.31,3.42,49817127,NVDA
2019-07-23,3.32,3.34,3.28,3.28,81204553,NVDA
2019-07-24,3.49,3.51,3.46,3.49,87775158,NVDA
2019-07-25,3.61,3.64,3.6,3.62,72857231,NVDA
2019-07-26,3.49,3.55,3.45,3.51,6475579,NVDA
2019-07-29,3.73,3.77,3.6,3.67,21133112,NVDA
2019-07-30,3.7,3.77,3.65,3.68,45773728,NVDA
2019-07-31,3.56,3.56,3.48,3.49,85567031,NVDA
2019-08-01,3.5,3.55,3.45,3.45,61115164,NVDA
2019-08-02,3.3,3.49,3.24,3.41,41718045,NVDA
2019-08-05,3.58,3.58,3.56,3.58,54947061,NVDA
2019-08-06,3.56,3.62,3.46,3.51,20347808,NVDA
2019-08-07,3.44,3.5,3.4,3.49,19067432,NVDA
2019-08-08,3.38,3.5,3.35,3.47,48782186,NVDA
2019-08-09,3.31,3.47,3.24,3.43,37381121,NVDA
2019-08-12,3.45,3.46,3.34,3.35,17105670,NVDA
2019-08-13,3.33,3.38,3.31,3.38,18212779,NVDA
2019-08-14,3.51,3.52,3.45,3.5,24635681,NVDA
2019-08-15,3.51,3.59,3.51,3.57,21401420,NVDA
2019-08-16,3.5,3.53,3.39,3.48,83607751,NVDA
2019-08-19,3.45,3.49,3.28,3.37,72810829,NVDA
2019-08-20,3.31,3.39,3.29,3.39,59716096,NVDA
2019-08-21,3.32,3.35,3.27,3.32,16714769,NVDA
2019-08-22,3.23,3.28,3.2,3.27,9705295,NVDA
2019-08-23,3.02,3.21,3.01,3.11,86587508,NVDA
2019-08-26,3.26,3.33,3.19,3.31,51945383,NVDA
2019-08-27,3.41,3.43,3.41,3.41,67344845,NVDA
2019-08-28,3.38,3.41,3.3,3.32,33334778,NVDA
2019-08-29,3.48,3.53,3.37,3.42,67944715,NVDA
2019-08-30,3.57,3.61,3.51,3.57,35128155,NVDA
2019-09-02,3.24,3.33,3.2,3.33,22367802,NVDA
2019-09-03,3.31,3.33,3.22,3.28,53516886,NVDA
2019-09-04,3.25,3.3,3.24,3.25,72637561,NVDA
2019-09-05,3.32,3.32,3.3,3.32,9774502,NVDA
2019-09-06,3.25,3.34,3.22,3.31,29974938,NVDA
2019-09-09,3.29,3.31,3.27,3.3,22164267,NVDA
2019-09-10,3.4,3.41,3.24,3.3,52663394,NVDA
2019-09-11,3.58,3.66,3.42,3.5,73861066,NVDA
2019-09-12,3.81,3.82,3.69,3.74,22223686,NVDA
2019-09-13,3.73,3.77,3.65,3.69,76713235,NVDA
2019-09-16,3.57,3.65,3.57,3.6,7237258,NVDA
2019-09-17,3.91,3.96,3.9,3.91,55459281,NVDA
2019-09-18,3.81,3.82,3.71,3.8,35170186,NVDA
2019-09-19,3.77,3.82,3.74,3.75,53015128,NVDA
2019-09-20,3.74,3.81,3.73,3.76,50708429,NVDA
2019-09-23,3.77,3.9,3.7,3.82,5694673,NVDA
2019-09-24,4.02,4.05,3.92,3.95,21141853,NVDA
2019-09-25,3.98,4.07,3.94,4.01,38609371,NVDA
2019-09-26,3.96,3.97,3.88,3.91,80341449,NVDA
2019-09-27,3.97,4.02,3.88,3.98,28152564,NVDA
2019-09-30,4.06,4.13,4.01,4.02,45656016,NVDA
2019-10-01,4.3,4.3,4.26,4.26,37710593,NVDA
2019-10-02,4.32,4.39,4.26,4.27,65453345,NVDA
2019-10-03,4.15,4.16,4.03,4.11,63325943,NVDA
2019-10-04,3.93,4.03,3.92,3.99,66864781,NVDA
2019-10-07,4.09,4.2,4.07,4.18,25115192,NVDA
2019-10-08,4.12,4.12,4.08,4.12,38939214,NVDA
2019-10-09,3.97,4.0,3.81,3.87,46848082,NVDA
2019-10-10,3.77,3.85,3.76,3.82,32092572,NVDA
2019-10-11,3.77,3.83,3.76,3.82,62923121,NVDA
2019-10-14,4.11,4.14,3.97,3.97,27394959,NVDA
2019-10-15,3.77,3.88,3.75,3.86,59525807,NVDA
2019-10-16,3.91,3.99,3.86,3.95,7568631,NVDA
2019-10-17,4.03,4.09,3.99,4.05,31667909,NVDA
2019-10-18,3.94,4.04,3.83,3.98,39142645,NVDA
2019-10-21,3.92,4.02,3.87,3.96,20521347,NVDA
2019-10-22,4.26,4.36,4.15,4.19,77102749,NVDA
2019-10-23,4.44,4.45,4.4,4.42,4109916,NVDA
2019-10-24,4.56,4.57,4.53,4.55,6974293,NVDA
2019-10-25,4.49,4.66,4.45,4.61,3853280,NVDA
2019-10-28,4.84,4.85,4.7,4.78,38256289,NVDA
2019-10-29,4.78,4.79,4.76,4.77,48331550,NVDA
2019-10-30,4.78,4.88,4.67,4.76,59132459,NVDA
2019-10-31,4.71,4.77,4.65,4.65,5639021,NVDA
2019-11-01,4.69,4.74,4.62,4.66,74915876,NVDA
2019-11-04,4.66,4.66,4.64,4.66,52124377,NVDA
2019-11-05,5.11,5.16,5.05,5.08,46369274,NVDA
2019-11-06,5.01,5.13,4.9,5.06,33594942,NVDA
2019-11-07,5.2,5.33,5.08,5.27,10039955,NVDA
2019-11-08,5.38,5.59,5.31,5.5,4825043,NVDA
2019-11-11,5.56,5.65,5.33,5.48,10674124,NVDA
2019-11-12,5.63,5.73,5.57,5.69,83100254,NVDA
2019-11-13,5.35,5.37,5.3,5.34,27417299,NVDA
2019-11-14,5.46,5.49,5.29,5.37,55413820,NVDA
2019-11-15,5.67,5.78,5.35,5.52,18202966,NVDA
2019-11-18,5.12,5.21,5.1,5.14,20435583,NVDA
2019-11-19,4.99,5.05,4.87,4.98,25616712,NVDA
2019-11-20,5.16,5.16,5.13,5.15,62377155,NVDA
2019-11-21,5.02,5.15,4.94,5.12,71746750,NVDA
2019-11-22,4.93,4.97,4.9,4.96,28155301,NVDA
2019-11-25,5.13,5.19,4.86,4.92,53164401,NVDA
2019-11-26,4.85,4.9,4.82,4.85,32613268,NVDA
2019-11-27,5.1,5.16,4.95,4.97,77378784,NVDA
2019-11-28,5.11,5.19,5.01,5.05,59058609,NVDA
2019-11-29,5.15,5.23,5.0,5.02,60449522,NVDA
2019-12-02,5.03,5.1,4.92,4.93,75310635,NVDA
2019-12-03,4.95,5.06,4.88,4.93,74154655,NVDA
2019-12-04,5.05,5.16,5.05,5.14,9942797,NVDA
2019-12-05,5.32,5.33,5.2,5.21,27581394,NVDA
2019-12-06,5.38,5.57,5.32,5.32,9470031,NVDA
2019-12-09,5.35,5.39,5.27,5.31,24807162,NVDA
2019-12-10,5.19,5.26,5.07,5.12,31972322,NVDA
2019-12-11,4.96,5.08,4.94,5.02,39953502,NVDA
2019-12-12,5.14,5.22,5.09,5.13,5217321,NVDA
2019-12-13,5.16,5.28,5.13,5.16,5139987,NVDA
2019-12-16,4.91,5.04,4.88,5.03,31541944,NVDA
2019-12-17,4.71,4.84,4.7,4.8,26367174,NVDA
2019-12-18,4.82,4.83,4.81,4.83,37617878,NVDA
2019-12-19,4.62,4.87,4.58,4.79,73684628,NVDA
2019-12-20,4.8,4.88,4.72,4.75,21823011,NVDA
2019-12-23,4.77,4.8,4.69,4.71,24510359,NVDA
2019-12-24,4.76,4.84,4.72,4.76,44660599,NVDA
2019-12-25,4.84,4.88,4.77,4.81,41125913,NVDA
2019-12-26,4.83,4.99,4.72,4.97,23649469,NVDA
2019-12-27,5.13,5.2,5.05,5.12,68741613,NVDA
2019-12-30,5.4,5.46,5.28,5.34,24582283,NVDA
2019-12-31,5.53,5.57,5.46,5.49,39774601,NVDA
2020-01-01,5.52,5.53,5.4,5.44,10109911,NVDA
2020-01-02,5.44,5.48,5.42,5.45,69084139,NVDA
2020-01-03,5.71,5.74,5.53,5.54,24673877,NVDA
2020-01-06,5.54,5.55,5.42,5.5,46580630,NVDA
2020-01-07,5.67,5.82,5.52,5.6,61010234,NVDA
2020-01-08,5.91,5.95,5.77,5.82,46227609,NVDA
2020-01-09,5.62,5.71,5.58,5.69,4336876,NVDA
2020-01-10,5.31,5.47,5.27,5.4,44798462,NVDA
2020-01-13,5.68,5.78,5.55,5.62,50230707,NVDA
2020-01-14,5.52,5.68,5.47,5.63,35080361,NVDA
2020-01-15,5.71,5.82,5.66,5.76,8476306,NVDA
2020-01-16,5.63,5.74,5.44,5.55,79497676,NVDA
2020-01-17,5.76,5.93,5.75,5.86,73683425,NVDA
2020-01-20,5.91,6.06,5.88,6.01,20087609,NVDA
2020-01-21,5.88,6.09,5.85,6.0,10287332,NVDA
2020-01-22,5.85,6.0,5.84,5.95,25408930,NVDA
2020-01-23,6.15,6.19,5.97,5.98,73104469,NVDA
2020-01-24,6.01,6.03,5.91,5.96,57340521,NVDA
2020-01-27,6.01,6.03,5.92,5.93,46007852,NVDA
2020-01-28,5.57,5.77,5.45,5.74,18055948,NVDA
2020-01-29,5.75,6.0,5.73,5.98,59422980,NVDA
2020-01-30,5.88,6.12,5.84,5.98,89946092,NVDA
2020-01-31,6.11,6.16,5.98,6.01,27852612,NVDA
2020-02-03,6.15,6.23,5.96,6.04,54444990,NVDA
2020-02-04,5.46,5.65,5.36,5.64,85251377,NVDA
2020-02-05,5.58,5.74,5.54,5.74,26967546,NVDA
2020-02-06,5.75,5.8,5.61,5.69,86193455,NVDA
2020-02-07,5.68,5.68,5.62,5.66,43157185,NVDA
2020-02-10,5.72,5.72,5.65,5.68,65465202,NVDA
2020-02-11,5.58,5.6,5.47,5.53,86386270,NVDA
2020-02-12,5.59,5.75,5.51,5.68,70564921,NVDA
2020-02-13,5.59,5.61,5.51,5.58,21840413,NVDA
2020-02-14,5.41,5.5,5.39,5.44,79582735,NVDA
2020-02-17,5.41,5.41,5.29,5.31,56814857,NVDA
2020-02-18,5.32,5.35,5.29,5.35,11337392,NVDA
2020-02-19,5.32,5.53,5.15,5.48,57909936,NVDA
2020-02-20,5.5,5.53,5.35,5.4,29275909,NVDA
2020-02-21,5.31,5.32,5.12,5.17,85658774,NVDA
2020-02-24,5.43,5.5,5.34,5.35,5500266,NVDA
2020-02-25,5.16,5.21,5.12,5.19,76880418,NVDA
2020-02-26,5.31,5.44,5.1,5.39,79841201,NVDA
2020-02-27,5.48,5.5,5.34,5.39,42766089,NVDA
2020-02-28,5.25,5.39,5.21,5.29,17440505,NVDA
2020-03-02,5.24,5.29,5.17,5.2,9628210,NVDA
2020-03-03,5.35,5.41,5.2,5.29,53601778,NVDA
2020-03-04,5.43,5.5,5.39,5.44,78393414,NVDA
2020-03-05,5.25,5.54,5.17,5.42,6041663,NVDA
2020-03-06,5.63,5.65,5.59,5.59,52352826,NVDA
2020-03-09,5.88,6.1,5.84,5.97,42560293,NVDA
2020-03-10,5.8,6.12,5.73,5.95,64996327,NVDA
2020-03-11,5.75,5.77,5.68,5.76,28283566,NVDA
2020-03-12,5.6,5.62,5.5,5.59,39500642,NVDA
2020-03-13,5.36,5.43,5.32,5.37,64322299,NVDA
2020-03-16,5.33,5.38,5.2,5.28,25508062,NVDA
2020-03-17,5.02,5.28,5.02,5.17,28549951,NVDA
2020-03-18,5.02,5.14,4.98,4.98,16451795,NVDA
2020-03-19,5.2,5.24,5.06,5.07,20533495,NVDA
2020-03-20,4.69,4.7,4.67,4.7,53885822,NVDA
2020-03-23,4.49,4.61,4.49,4.52,74335383,NVDA
2020-03-24,4.8,4.83,4.73,4.82,80235105,NVDA
2020-03-25,5.08,5.14,4.93,4.98,18317777,NVDA
2020-03-26,5.06,5.1,5.04,5.07,4119547,NVDA
2020-03-27,5.09,5.23,4.99,5.16,37790340,NVDA
2020-03-30,5.31,5.5,5.26,5.45,9029459,NVDA
2020-03-31,5.67,5.68,5.55,5.55,15167167,NVDA
2020-04-01,5.7,5.76,5.56,5.58,87749706,NVDA
2020-04-02,5.38,5.46,5.33,5.39,76945725,NVDA
2020-04-03,5.56,5.59,5.29,5.39,25032130,NVDA
2020-04-06,5.25,5.37,5.17,5.28,88927696,NVDA
2020-04-07,5.23,5.27,5.04,5.18,41580797,NVDA
2020-04-08,4.98,5.11,4.93,5.08,28454941,NVDA
2020-04-09,5.0,5.1,4.89,5.08,57145782,NVDA
2020-04-10,5.04,5.09,5.04,5.04,37988500,NVDA
2020-04-13,5.23,5.34,5.11,5.19,52311958,NVDA
2020-04-14,5.04,5.1,4.95,5.0,28564898,NVDA
2020-04-15,4.91,5.0,4.91,4.98,48606998,NVDA
2020-04-16,5.24,5.37,5.22,5.28,35800428,NVDA
2020-04-17,5.29,5.39,5.08,5.3,20401096,NVDA
2020-04-20,5.48,5.72,5.34,5.51,70456420,NVDA
2020-04-21,5.69,5.79,5.65,5.71,9271989,NVDA
2020-04-22,6.03,6.09,5.77,5.96,77798864,NVDA
2020-04-23,6.21,6.26,6.0,6.11,9070753,NVDA
2020-04-24,5.7,5.88,5.65,5.87,87926403,NVDA
2020-04-27,5.95,6.0,5.79,5.83,54388748,NVDA
2020-04-28,5.79,5.93,5.74,5.78,56570417,NVDA
2020-04-29,5.55,5.56,5.46,5.53,53150839,NVDA
2020-04-30,5.49,5.52,5.43,5.46,74768247,NVDA
2020-05-01,5.35,5.37,5.21,5.27,59539206,NVDA
2020-05-04,5.08,5.16,5.02,5.02,71417709,NVDA
2020-05-05,4.95,5.18,4.88,5.07,76993651,NVDA
2020-05-06,5.14,5.15,5.0,5.07,48780923,NVDA
2020-05-07,4.89,5.06,4.87,4.98,54094456,NVDA
2020-05-08,4.87,4.91,4.79,4.85,2545571,NVDA
2020-05-11,4.79,4.8,4.7,4.78,60097112,NVDA
2020-05-12,4.62,4.76,4.62,4.73,86332468,NVDA
2020-05-13,4.69,4.7,4.58,4.68,74318647,NVDA
2020-05-14,4.67,4.76,4.64,4.69,49433925,NVDA
2020-05-15,4.59,4.67,4.58,4.64,39123088,NVDA
2020-05-18,4.85,4.87,4.67,4.7,81480949,NVDA
2020-05-19,4.8,4.92,4.74,4.79,61017115,NVDA
2020-05-20,4.82,4.88,4.81,4.85,11345075,NVDA
2020-05-21,4.89,4.94,4.75,4.76,83578862,NVDA
2020-05-22,4.68,4.7,4.63,4.69,25146016,NVDA
2020-05-25,4.75,4.79,4.7,4.76,86606637,NVDA
2020-05-26,4.59,4.77,4.57,4.74,64937093,NVDA
2020-05-27,4.79,4.82,4.66,4.74,32842872,NVDA
2020-05-28,4.48,4.51,4.39,4.41,61134574,NVDA
2020-05-29,4.19,4.28,4.05,4.07,86879704,NVDA
2020-06-01,4.06,4.16,4.03,4.12,23649154,NVDA
2020-06-02,4.24,4.27,4.16,4.17,44220016,NVDA
2020-06-03,4.46,4.56,4.32,4.36,72803371,NVDA
2020-06-04,4.52,4.55,4.47,4.47,16277209,NVDA
2020-06-05,4.51,4.52,4.51,4.51,16863060,NVDA
2020-06-08,4.41,4.55,4.34,4.52,49515590,NVDA
2020-06-09,4.35,4.39,4.27,4.34,16610236,NVDA
2020-06-10,4.43,4.5,4.4,4.47,83090296,NVDA
2020-06-11,4.28,4.41,4.24,4.4,18014471,NVDA
2020-06-12,4.51,4.52,4.46,4.47,19866418,NVDA
2020-06-15,4.5,4.53,4.44,4.51,51900917,NVDA
2020-06-16,4.54,4.58,4.51,4.56,78561664,NVDA
2020-06-17,4.83,4.87,4.67,4.69,62409848,NVDA
2020-06-18,4.59,4.68,4.58,4.63,21627584,NVDA
2020-06-19,4.44,4.61,4.4,4.59,82952426,NVDA
2020-06-22,4.33,4.51,4.29,4.48,81448208,NVDA
2020-06-23,4.48,4.55,4.43,4.44,19162931,NVDA
2020-06-24,4.66,4.69,4.56,4.68,25312864,NVDA
2020-06-25,4.58,4.7,4.53,4.64,80366432,NVDA
2020-06-26,4.66,4.82,4.47,4.82,56536595,NVDA
2020-06-29,4.89,5.04,4.87,4.95,66551325,NVDA
2020-06-30,4.98,5.12,4.85,5.07,26908709,NVDA
2020-07-01,5.2,5.29,5.2,5.21,42100592,NVDA
2020-07-02,4.99,5.15,4.99,5.06,50854325,NVDA
2020-07-03,5.06,5.17,5.01,5.13,67267079,NVDA
2020-07-06,5.39,5.4,5.35,5.39,81576405,NVDA
2020-07-07,5.23,5.31,5.13,5.29,85549186,NVDA
2020-07-08,5.32,5.33,5.22,5.3,19477752,NVDA
2020-07-09,4.93,5.23,4.9,5.2,66159606,NVDA
2020-07-10,5.16,5.4,5.12,5.26,14405180,NVDA
2020-07-13,5.2,5.27,5.07,5.1,19476623,NVDA
2020-07-14,5.38,5.43,5.36,5.37,12951560,NVDA
2020-07-15,5.23,5.35,5.2,5.32,15056826,NVDA
2020-07-16,5.07,5.09,5.0,5.09,62281539,NVDA
2020-07-17,5.33,5.43,5.29,5.38,25073123,NVDA
2020-07-20,5.52,5.62,5.47,5.56,16776532,NVDA
2020-07-21,5.78,5.8,5.49,5.66,76461089,NVDA
2020-07-22,5.72,5.84,5.66,5.76,67302544,NVDA
2020-07-23,5.73,5.76,5.63,5.71,61098381,NVDA
2020-07-24,5.61,5.75,5.6,5.69,17124023,NVDA
2020-07-27,5.76,5.94,5.74,5.82,46897120,NVDA
2020-07-28,5.86,6.03,5.79,6.0,19422095,NVDA
2020-07-29,6.12,6.24,6.08,6.19,88462860,NVDA
2020-07-30,6.2,6.28,6.15,6.24,15304679,NVDA
2020-07-31,6.13,6.25,6.11,6.17,51409077,NVDA
2020-08-03,6.15,6.17,6.05,6.14,79363729,NVDA
2020-08-04,6.37,6.49,6.35,6.37,63262386,NVDA
2020-08-05,6.73,6.76,6.5,6.67,25434942,NVDA
2020-08-06,6.59,6.68,6.47,6.61,53482862,NVDA
2020-08-07,6.66,6.68,6.39,6.53,4137088,NVDA
2020-08-10,6.86,6.87,6.74,6.8,65906673,NVDA
2020-08-11,7.11,7.24,6.94,6.96,7413668,NVDA
2020-08-12,7.12,7.28,6.95,7.13,84182111,NVDA
2020-08-13,6.99,7.08,6.69,6.86,65991331,NVDA
2020-08-14,6.81,6.91,6.74,6.8,54860705,NVDA
2020-08-17,6.54,6.78,6.48,6.71,31786458,NVDA
2020-08-18,6.76,6.79,6.69,6.77,7145514,NVDA
2020-08-19,6.43,6.49,6.41,6.45,79834225,NVDA
2020-08-20,6.56,6.72,6.5,6.71,6486689,NVDA
2020-08-21,6.68,6.96,6.65,6.79,54894841,NVDA
2020-08-24,6.83,6.98,6.74,6.89,23124909,NVDA
2020-08-25,6.9,6.9,6.56,6.67,14980188,NVDA
2020-08-26,6.7,6.86,6.55,6.68,54008150,NVDA
2020-08-27,7.16,7.24,6.91,6.97,89139774,NVDA
2020-08-28,6.75,6.76,6.58,6.66,66150262,NVDA
2020-08-31,6.84,7.0,6.71,6.73,15262077,NVDA
2020-09-01,6.98,7.08,6.88,6.89,75740291,NVDA
2020-09-02,6.61,6.84,6.59,6.76,48305885,NVDA
2020-09-03,7.08,7.16,6.85,6.95,44610883,NVDA
2020-09-04,6.79,6.93,6.7,6.89,2164722,NVDA
2020-09-07,7.22,7.29,7.06,7.17,22359358,NVDA
2020-09-08,7.29,7.44,7.22,7.3,51339452,NVDA
2020-09-09,7.55,7.65,7.33,7.37,57244046,NVDA
2020-09-10,7.99,8.12,7.81,7.85,70473597,NVDA
2020-09-11,8.29,8.32,7.93,8.06,35925016,NVDA
2020-09-14,8.47,8.52,8.39,8.41,4199026,NVDA
2020-09-15,8.13,8.22,8.0,8.13,52308248,NVDA
2020-09-16,8.08,8.08,7.98,7.99,80242194,NVDA
2020-09-17,8.51,8.6,8.05,8.21,33496093,NVDA
2020-09-18,8.52,8.65,8.37,8.46,29999122,NVDA
2020-09-21,8.47,8.52,8.45,8.46,9095216,NVDA
2020-09-22,8.52,8.77,8.51,8.68,36128173,NVDA
2020-09-23,8.33,8.46,8.27,8.43,80250372,NVDA
2020-09-24,8.49,8.71,8.37,8.5,3557361,NVDA
2020-09-25,8.31,8.36,8.04,8.23,12499863,NVDA
2020-09-28,8.41,8.46,8.3,8.33,82430098,NVDA
2020-09-29,8.22,8.25,8.17,8.23,51646003,NVDA
2020-09-30,8.1,8.19,7.89,8.09,52830806,NVDA
2020-10-01,8.31,8.37,8.11,8.12,8372365,NVDA
2020-10-02,8.84,8.88,8.5,8.6,78823297,NVDA
2020-10-05,8.51,8.53,8.2,8.36,59100367,NVDA
2020-10-06,8.41,8.48,8.16,8.22,84518178,NVDA
2020-10-07,8.67,8.71,8.51,8.51,50149390,NVDA
2020-10-08,8.66,8.68,8.15,8.42,17975090,NVDA
2020-10-09,8.73,9.14,8.47,8.9,33255520,NVDA
2020-10-12,8.91,9.09,8.82,8.98,55425821,NVDA
2020-10-13,9.06,9.08,8.87,9.03,79254459,NVDA
2020-10-14,9.2,9.41,9.07,9.15,61194570,NVDA
2020-10-15,9.86,9.98,9.65,9.66,21849846,NVDA
2020-10-16,9.6,9.92,9.53,9.88,38159456,NVDA
2020-10-19,10.08,10.21,10.01,10.05,21506853,NVDA
2020-10-20,10.19,10.33,10.05,10.15,62223158,NVDA
2020-10-21,9.61,9.77,9.52,9.71,47050751,NVDA
2020-10-22,9.45,9.57,9.25,9.47,16855776,NVDA
2020-10-23,10.08,10.11,9.9,9.93,17848057,NVDA
2020-10-26,10.27,10.28,10.2,10.2,6221086,NVDA
2020-10-27,10.36,10.44,10.02,10.38,71794922,NVDA
2020-10-28,10.64,10.87,10.59,10.6,58903221,NVDA
2020-10-29,10.43,10.52,10.09,10.45,74319037,NVDA
2020-10-30,10.74,10.94,10.47,10.58,37424400,NVDA
2020-11-02,10.31,10.43,10.28,10.32,77415944,NVDA
2020-11-03,10.62,10.67,10.38,10.47,47084457,NVDA
2020-11-04,10.18,10.48,10.1,10.27,37126245,NVDA
2020-11-05,10.22,10.41,10.2,10.22,21654230,NVDA
2020-11-06,10.21,10.59,10.18,10.39,33831983,NVDA
2020-11-09,10.28,10.34,10.11,10.31,43955335,NVDA
2020-11-10,10.67,10.69,10.38,10.53,50322116,NVDA
2020-11-11,10.54,10.81,10.46,10.7,89193804,NVDA
2020-11-12,10.79,11.0,10.7,10.84,77460192,NVDA
2020-11-13,11.33,11.59,11.26,11.31,42001450,NVDA
2020-11-16,10.79,10.98,10.69,10.84,86443638,NVDA
2020-11-17,10.49,10.91,10.27,10.35,2773993,NVDA
2020-11-18,10.37,10.71,10.31,10.57,12867940,NVDA
2020-11-19,11.04,11.14,10.69,10.9,79275793,NVDA
2020-11-20,11.84,11.95,11.54,11.61,19840659,NVDA
2020-11-23,12.21,12.28,11.77,11.9,44088263,NVDA
2020-11-24,12.22,12.31,12.13,12.23,43506425,NVDA
2020-11-25,11.79,12.4,11.54,11.94,60161943,NVDA
2020-11-26,11.95,12.31,11.93,12.24,48352433,NVDA
2020-11-27,12.65,12.75,12.45,12.52,15409289,NVDA
2020-11-30,12.31,12.49,11.86,12.15,12836129,NVDA
2020-12-01,11.91,11.91,11.81,11.85,14647792,NVDA
2020-12-02,11.9,11.97,11.8,11.84,32488899,NVDA
2020-12-03,12.09,12.39,11.73,11.97,2460410,NVDA
2020-12-04,10.91,10.97,10.84,10.97,18487988,NVDA
2020-12-07,10.78,11.04,10.66,11.02,11020811,NVDA
2020-12-08,10.88,11.19,10.86,11.12,48084227,NVDA
2020-12-09,10.96,11.13,10.75,11.08,76625967,NVDA
2020-12-10,11.05,11.27,10.97,11.2,53789131,NVDA
2020-12-11,11.11,11.45,10.86,11.38,4815969,NVDA
2020-12-14,10.99,11.14,10.84,11.06,70631924,NVDA
2020-12-15,11.05,11.42,10.83,11.23,12717674,NVDA
2020-12-16,11.28,11.35,11.08,11.16,53369492,NVDA
2020-12-17,10.86,10.9,10.68,10.87,28522634,NVDA
2020-12-18,11.1,11.14,10.81,10.97,26144851,NVDA
2020-12-21,11.27,11.53,11.24,11.5,87412172,NVDA
2020-12-22,10.84,11.06,10.8,11.02,68263733,NVDA
2020-12-23,10.26,10.61,10.16,10.51,78118779,NVDA
2020-12-24,10.07,10.11,9.83,10.02,71562783,NVDA
2020-12-25,11.17,11.26,10.66,10.66,38672328,NVDA
2020-12-28,10.64,10.85,10.42,10.6,17089687,NVDA
2020-12-29,10.54,10.63,10.36,10.61,77470759,NVDA
2020-12-30,10.42,10.51,10.16,10.38,11907133,NVDA
2020-12-31,10.11,10.16,9.88,10.11,69761624,NVDA
2021-01-01,9.67,9.75,9.46,9.53,26740005,NVDA
2021-01-04,9.6,9.65,9.46,9.6,67374802,NVDA
2021-01-05,9.57,9.77,9.57,9.7,87310169,NVDA
2021-01-06,8.89,9.44,8.84,9.15,61932037,NVDA
2021-01-07,8.94,8.99,8.79,8.89,14659602,NVDA
2021-01-08,8.85,8.89,8.67,8.71,84367670,NVDA
2021-01-11,8.75,8.79,8.6,8.72,73382876,NVDA
2021-01-12,8.69,8.88,8.56,8.81,25952330,NVDA
2021-01-13,9.07,9.38,8.99,9.13,10307840,NVDA
2021-01-14,9.49,9.58,9.36,9.54,63055569,NVDA
2021-01-15,9.96,10.06,9.77,9.87,66797799,NVDA
2021-01-18,10.3,10.37,10.21,10.3,9650350,NVDA
2021-01-19,10.15,10.34,9.9,9.97,36842882,NVDA
2021-01-20,9.8,9.93,9.74,9.82,89610366,NVDA
2021-01-21,10.09,10.23,9.97,10.19,50353180,NVDA
2021-01-22,10.6,10.7,10.17,10.3,44982491,NVDA
2021-01-25,10.18,10.39,9.86,10.33,44174670,NVDA
2021-01-26,9.64,9.84,9.6,9.75,25532081,NVDA
2021-01-27,9.54,9.55,9.19,9.24,89239606,NVDA
2021-01-28,9.51,9.56,9.42,9.47,22105950,NVDA
2021-01-29,9.85,9.9,9.51,9.59,50417624,NVDA
2021-02-01,9.16,9.54,9.0,9.52,10521117,NVDA
2021-02-02,9.61,9.77,9.37,9.42,6650774,NVDA
2021-02-03,8.97,8.97,8.84,8.96,76041626,NVDA
2021-02-04,9.1,9.11,8.98,9.08,4552432,NVDA
2021-02-05,9.47,9.64,9.36,9.39,6150467,NVDA
2021-02-08,9.48,9.94,9.25,9.89,52491168,NVDA
2021-02-09,9.8,9.97,9.7,9.93,71107776,NVDA
2021-02-10,9.96,10.21,9.86,9.89,50065437,NVDA
2021-02-11,10.06,10.35,9.42,9.59,88444307,NVDA
2021-02-12,9.86,10.14,9.76,9.97,2593554,NVDA
2021-02-15,10.9,10.97,10.37,10.52,61841283,NVDA
2021-02-16,10.46,10.64,10.21,10.35,6221255,NVDA
2021-02-17,10.63,10.85,10.43,10.47,14713988,NVDA
2021-02-18,10.37,10.58,10.27,10.52,14716660,NVDA
2021-02-19,10.46,10.51,10.36,10.36,16162181,NVDA
2021-02-22,9.5,9.76,9.45,9.63,43715837,NVDA
2021-02-23,9.37,9.63,9.36,9.54,77458868,NVDA
2021-02-24,9.93,10.01,9.68,9.74,77211349,NVDA
2021-02-25,9.25,9.38,9.21,9.34,19368192,NVDA
2021-02-26,9.06,9.27,9.05,9.13,28439097,NVDA
2021-03-01,8.38,8.57,8.19,8.29,17656646,NVDA
2021-03-02,8.53,8.7,8.49,8.63,38089269,NVDA
2021-03-03,8.62,8.85,8.44,8.78,75889521,NVDA
2021-03-04,8.85,8.96,8.64,8.81,32480859,NVDA
2021-03-05,8.8,8.86,8.73,8.76,44062485,NVDA
2021-03-08,8.82,8.92,8.55,8.61,17594219,NVDA
2021-03-09,8.47,8.65,8.34,8.61,13389268,NVDA
2021-03-10,8.65,8.87,8.54,8.55,54052416,NVDA
2021-03-11,8.6,8.63,8.37,8.5,17502975,NVDA
2021-03-12,8.46,8.69,8.29,8.51,65538192,NVDA
2021-03-15,8.55,8.73,8.53,8.56,25021572,NVDA
2021-03-16,9.0,9.16,8.87,9.0,11503580,NVDA
2021-03-17,8.5,8.64,8.4,8.63,88818996,NVDA
2021-03-18,8.54,8.84,8.47,8.72,34152055,NVDA
2021-03-19,8.67,8.7,8.51,8.57,34279835,NVDA
2021-03-22,8.17,8.39,8.08,8.3,6812021,NVDA
2021-03-23,7.63,7.77,7.45,7.74,10624069,NVDA
2021-03-24,8.0,8.06,7.86,7.9,68470291,NVDA
2021-03-25,7.62,7.78,7.57,7.69,30542726,NVDA
2021-03-26,7.48,7.82,7.47,7.53,6807651,NVDA
2021-03-29,7.49,7.82,7.49,7.65,87688990,NVDA
2021-03-30,7.28,7.51,7.1,7.42,39617655,NVDA
2021-03-31,7.28,7.47,7.25,7.44,77322829,NVDA
2021-04-01,7.28,7.56,7.17,7.44,73930998,NVDA
2021-04-02,7.78,7.91,7.63,7.63,77308830,NVDA
2021-04-05,7.77,7.97,7.68,7.88,53533730,NVDA
2021-04-06,7.42,7.7,7.34,7.69,47115109,NVDA
2021-04-07,7.79,7.94,7.71,7.93,46764057,NVDA
2021-04-08,8.0,8.07,7.78,7.92,4266964,NVDA
2021-04-09,7.82,7.97,7.69,7.96,4277691,NVDA
2021-04-12,7.92,8.02,7.89,7.93,12833994,NVDA
2021-04-13,8.01,8.19,7.96,8.13,66205240,NVDA
2021-04-14,7.64,7.89,7.63,7.85,62258917,NVDA
2021-04-15,7.86,8.05,7.71,7.93,76452095,NVDA
2021-04-16,8.1,8.3,8.09,8.23,28180787,NVDA
2021-04-19,8.19,8.26,8.13,8.18,4697219,NVDA
2021-04-20,8.8,8.82,8.57,8.71,42763527,NVDA
2021-04-21,8.52,8.63,8.37,8.53,3533819,NVDA
2021-04-22,8.95,8.97,8.5,8.6,57380307,NVDA
2021-04-23,8.35,8.65,8.29,8.5,54926500,NVDA
2021-04-26,8.52,8.58,8.3,8.35,55263284,NVDA
2021-04-27,8.14,8.35,8.0,8.09,43147125,NVDA
2021-04-28,8.14,8.22,7.81,7.98,50788105,NVDA
2021-04-29,8.04,8.11,7.89,7.98,71993954,NVDA
2021-04-30,7.53,7.82,7.45,7.8,9640256,NVDA
2021-05-03,7.99,8.12,7.91,8.03,55286275,NVDA
2021-05-04,8.55,8.68,8.25,8.42,49958285,NVDA
2021-05-05,8.05,8.11,7.9,8.06,43788171,NVDA
2021-05-06,8.1,8.34,8.05,8.28,80498217,NVDA
2021-05-07,8.26,8.38,8.19,8.34,53601618,NVDA
2021-05-10,8.45,8.51,8.39,8.42,67186921,NVDA
2021-05-11,9.25,9.37,8.99,9.08,16732358,NVDA
2021-05-12,9.34,9.46,9.12,9.44,62626404,NVDA
2021-05-13,9.56,9.74,9.43,9.55,83377020,NVDA
2021-05-14,9.48,9.65,9.38,9.62,27152450,NVDA
2021-05-17,8.86,9.13,8.78,9.03,85618765,NVDA
2021-05-18,9.19,9.43,9.01,9.27,47332726,NVDA
2021-05-19,9.26,9.32,9.08,9.08,45238307,NVDA
2021-05-20,9.24,9.28,9.0,9.15,34017656,NVDA
2021-05-21,9.15,9.2,9.1,9.2,13308963,NVDA
2021-05-24,9.47,9.49,9.31,9.49,33518321,NVDA
2021-05-25,10.18,10.35,10.08,10.11,17757444,NVDA
2021-05-26,10.41,10.54,10.27,10.44,76570069,NVDA
2021-05-27,10.79,10.92,10.56,10.87,12046774,NVDA
2021-05-28,10.76,11.07,10.61,10.82,39602745,NVDA
2021-05-31,11.09,11.27,10.9,10.99,71998833,NVDA
2021-06-01,11.19,11.42,10.86,11.28,29156756,NVDA
2021-06-02,10.93,11.09,10.66,10.82,82912254,NVDA
2021-06-03,11.19,11.79,11.12,11.53,43746934,NVDA
2021-06-04,11.16,11.36,11.08,11.31,10391544,NVDA
2021-06-07,10.82,10.93,10.81,10.91,65249173,NVDA
2021-06-08,11.57,11.61,11.33,11.48,70031436,NVDA
2021-06-09,12.08,12.46,11.94,12.27,69483807,NVDA
2021-06-10,11.92,12.1,11.58,12.04,59020963,NVDA
2021-06-11,11.88,12.06,11.77,11.84,52273227,NVDA
2021-06-14,13.0,13.27,12.76,13.04,67272464,NVDA
2021-06-15,12.96,13.15,12.9,13.11,87632716,NVDA
2021-06-16,12.29,12.59,12.23,12.38,33890860,NVDA
2021-06-17,11.99,12.33,11.98,12.18,71148427,NVDA
2021-06-18,13.1,13.22,12.69,12.96,37695374,NVDA
2021-06-21,13.32,13.44,13.24,13.25,62021587,NVDA
2021-06-22,13.75,13.86,13.58,13.59,32809086,NVDA
2021-06-23,14.6,14.6,14.05,14.13,31908365,NVDA
2021-06-24,14.71,14.84,14.4,14.45,27998380,NVDA
2021-06-25,14.43,14.6,14.02,14.34,42580078,NVDA
2021-06-28,13.66,13.78,13.56,13.7,63958084,NVDA
2021-06-29,14.38,14.62,13.78,13.91,60120717,NVDA
2021-06-30,13.52,13.56,13.44,13.48,21595931,NVDA
2021-07-01,13.43,13.52,13.35,13.49,87961491,NVDA
2021-07-02,14.53,14.66,14.08,14.25,2722882,NVDA
2021-07-05,14.61,14.87,14.51,14.52,3650033,NVDA
2021-07-06,14.52,14.79,14.4,14.58,6446196,NVDA
2021-07-07,14.74,14.91,14.43,14.64,85042672,NVDA
2021-07-08,15.45,15.49,14.88,15.0,72983406,NVDA
2021-07-09,15.5,15.75,15.37,15.46,61657568,NVDA
2021-07-12,14.98,15.21,14.86,14.89,52510734,NVDA
2021-07-13,14.81,15.05,14.73,15.0,50097002,NVDA
2021-07-14,15.74,15.91,15.67,15.84,46646893,NVDA
2021-07-15,16.47,16.73,16.14,16.24,6073941,NVDA
2021-07-16,15.89,15.97,15.89,15.9,3171342,NVDA
2021-07-19,15.66,15.68,15.59,15.61,86592081,NVDA
2021-07-20,14.96,14.99,14.63,14.7,20178675,NVDA
2021-07-21,14.33,14.5,14.21,14.38,86210229,NVDA
2021-07-22,15.51,15.53,14.88,15.13,68057318,NVDA
2021-07-23,15.0,15.27,14.82,15.13,61335417,NVDA
2021-07-26,14.63,15.02,14.56,14.78,73435986,NVDA
2021-07-27,14.4,14.83,14.37,14.55,63823255,NVDA
2021-07-28,14.23,14.74,14.17,14.54,20934668,NVDA
2021-07-29,14.66,14.69,14.49,14.52,35750087,NVDA
2021-07-30,14.42,14.49,14.29,14.4,41161316,NVDA
2021-08-02,14.41,14.51,13.95,14.1,21902061,NVDA
2021-08-03,14.26,14.44,14.22,14.4,7700218,NVDA
2021-08-04,15.31,15.63,15.11,15.12,17155793,NVDA
2021-08-05,15.22,15.31,14.86,14.9,21974261,NVDA
2021-08-06,14.66,14.76,14.51,14.69,74148771,NVDA
2021-08-09,15.24,15.3,14.98,15.26,18509917,NVDA
2021-08-10,14.09,15.15,14.07,14.63,9709969,NVDA
2021-08-11,14.84,14.93,14.24,14.4,57217476,NVDA
2021-08-12,14.26,14.34,14.15,14.27,69527149,NVDA
2021-08-13,14.54,14.64,14.34,14.37,22519540,NVDA
2021-08-16,14.19,14.3,13.99,14.29,21134909,NVDA
2021-08-17,14.02,14.21,13.72,13.94,25434278,NVDA
2021-08-18,13.87,14.39,13.73,14.1,75669040,NVDA
2021-08-19,13.8,13.86,13.47,13.63,76948452,NVDA
2021-08-20,12.99,13.01,12.91,12.96,2627433,NVDA
2021-08-23,12.16,12.32,11.9,12.22,44637502,NVDA
2021-08-24,12.62,12.77,12.45,12.52,66436912,NVDA
2021-08-25,11.6,11.94,11.39,11.91,54508174,NVDA
2021-08-26,12.14,12.27,11.85,12.1,54637815,NVDA
2021-08-27,12.3,12.48,11.96,12.37,68391019,NVDA
2021-08-30,12.99,13.19,12.66,12.71,39329496,NVDA
2021-08-31,12.82,12.91,12.48,12.67,32770472,NVDA
2021-09-01,12.46,12.83,12.28,12.49,65817816,NVDA
2021-09-02,12.5,12.95,12.26,12.55,64580304,NVDA
2021-09-03,12.91,12.95,12.33,12.35,10473882,NVDA
2021-09-06,11.73,12.16,11.57,11.9,5747704,NVDA
2021-09-07,12.76,12.85,12.05,12.39,64725240,NVDA
2021-09-08,12.26,12.35,11.85,12.09,56228561,NVDA
2021-09-09,12.95,13.08,12.5,12.79,39066545,NVDA
2021-09-10,12.65,13.04,12.55,13.02,73238872,NVDA
2021-09-13,13.04,13.12,12.73,12.87,17226625,NVDA
2021-09-14,12.98,13.4,12.84,13.07,42796407,NVDA
2021-09-15,13.41,13.72,13.36,13.59,31798661,NVDA
2021-09-16,13.19,13.27,12.85,13.07,5333830,NVDA
2021-09-17,12.6,12.87,12.56,12.73,40787998,NVDA
2021-09-20,12.47,12.66,12.2,12.36,32033509,NVDA
2021-09-21,12.28,12.54,12.27,12.45,4358775,NVDA
2021-09-22,12.75,12.98,12.4,12.63,17930266,NVDA
2021-09-23,12.76,12.78,12.66,12.67,69606033,NVDA
2021-09-24,12.27,12.43,12.13,12.42,42414016,NVDA
2021-09-27,12.08,12.45,11.97,12.25,79758004,NVDA
2021-09-28,12.6,12.85,12.53,12.73,49366883,NVDA
2021-09-29,13.09,13.3,12.85,13.19,22239442,NVDA
2021-09-30,13.15,13.47,12.93,13.28,71560488,NVDA
2021-10-01,13.15,13.27,12.68,12.79,61672934,NVDA
2021-10-04,13.14,13.5,13.05,13.06,19154773,NVDA
2021-10-05,13.13,13.6,13.04,13.2,3714710,NVDA
2021-10-06,13.27,13.45,13.27,13.33,3954383,NVDA
2021-10-07,13.91,14.41,13.72,14.08,80958919,NVDA
2021-10-08,14.52,14.79,14.31,14.47,46879973,NVDA
2021-10-11,14.06,14.39,13.88,14.08,85681950,NVDA
2021-10-12,13.56,13.95,13.34,13.7,85270080,NVDA
2021-10-13,14.16,14.37,13.89,14.32,43659388,NVDA
2021-10-14,14.35,14.5,14.23,14.44,52421601,NVDA
2021-10-15,14.62,14.95,14.53,14.86,11694131,NVDA
2021-10-18,14.87,15.11,14.67,14.85,33227534,NVDA
2021-10-19,14.26,14.59,14.23,14.46,87135119,NVDA
2021-10-20,14.75,15.13,14.62,14.63,23963726,NVDA
2021-10-21,15.32,15.61,15.26,15.4,3455004,NVDA
2021-10-22,15.75,16.02,15.62,15.62,63184219,NVDA
2021-10-25,15.02,15.23,14.94,15.16,17700097,NVDA
2021-10-26,14.65,15.23,14.57,15.08,7504846,NVDA
2021-10-27,14.62,15.13,14.18,14.92,24134906,NVDA
2021-10-28,15.0,15.24,14.8,15.06,22046605,NVDA
2021-10-29,15.7,15.86,15.6,15.61,27596438,NVDA
2021-11-01,16.74,16.84,16.62,16.64,25870378,NVDA
2021-11-02,16.97,17.53,16.72,16.84,89018987,NVDA
2021-11-03,16.88,16.97,16.51,16.71,37500389,NVDA
2021-11-04,16.92,17.14,16.53,16.83,74994035,NVDA
2021-11-05,17.04,17.09,16.92,16.92,58202996,NVDA
2021-11-08,16.74,16.87,16.62,16.79,29894186,NVDA
2021-11-09,17.03,17.1,16.48,16.89,47535827,NVDA
2021-11-10,16.95,16.98,16.76,16.97,54781375,NVDA
2021-11-11,16.45,16.68,16.37,16.46,86422401,NVDA
2021-11-12,16.87,16.95,16.8,16.82,67011500,NVDA
2021-11-15,17.31,17.43,16.2,16.73,48454575,NVDA
2021-11-16,15.96,16.5,15.78,16.32,41367555,NVDA
2021-11-17,16.53,16.77,16.5,16.65,11546731,NVDA
2021-11-18,16.42,16.54,16.29,16.49,69620607,NVDA
2021-11-19,17.58,17.66,17.46,17.47,24385532,NVDA
2021-11-22,17.82,17.93,17.7,17.81,5121035,NVDA
2021-11-23,18.39,18.79,17.93,17.94,88158963,NVDA
2021-11-24,17.21,18.06,17.13,17.62,55733998,NVDA
2021-11-25,17.98,18.14,17.31,17.49,60854226,NVDA
2021-11-26,17.7,18.24,17.57,18.03,8283955,NVDA
2021-11-29,17.56,17.76,17.46,17.74,8645058,NVDA
2021-11-30,18.4,18.46,18.05,18.24,22672914,NVDA
2021-12-01,17.23,17.59,17.08,17.2,84944396,NVDA
2021-12-02,17.39,17.58,17.27,17.38,24384924,NVDA
2021-12-03,17.93,18.13,17.75,17.9,29344377,NVDA
2021-12-06,18.28,18.67,17.75,18.17,49823629,NVDA
2021-12-07,18.52,18.76,18.11,18.25,28335886,NVDA
2021-12-08,19.02,19.17,18.77,18.9,75717856,NVDA
2021-12-09,18.15,18.73,17.65,18.5,22841163,NVDA
2021-12-10,17.84,18.05,17.66,18.04,65335285,NVDA
2021-12-13,18.56,18.68,17.56,18.17,57551262,NVDA
2021-12-14,19.49,19.67,18.92,18.93,55286551,NVDA
2021-12-15,19.55,19.6,19.2,19.27,64832423,NVDA
2021-12-16,19.56,19.84,18.87,19.24,84461041,NVDA
2021-12-17,19.6,19.9,19.18,19.5,44808311,NVDA
2021-12-20,20.48,20.7,19.68,19.85,78755226,NVDA
2021-12-21,19.04,19.29,18.95,19.2,41372591,NVDA
2021-12-22,17.63,17.74,17.62,17.72,23713494,NVDA
2021-12-23,17.06,17.31,16.87,17.25,14339777,NVDA
2021-12-24,16.96,17.18,16.31,16.56,56760205,NVDA
2021-12-27,16.22,16.46,16.18,16.35,17213671,NVDA
2021-12-28,15.96,16.12,15.83,15.83,20049396,NVDA
2021-12-29,15.18,15.66,15.17,15.49,69359976,NVDA
2021-12-30,15.42,16.13,15.11,15.77,57687086,NVDA
2021-12-31,16.13,16.32,15.81,15.89,88948068,NVDA
2022-01-03,16.12,16.15,15.66,15.95,32954654,NVDA
2022-01-04,17.07,17.36,16.77,16.84,7519098,NVDA
2022-01-05,16.75,16.76,16.59,16.69,45180629,NVDA
2022-01-06,16.51,16.71,16.28,16.58,84560083,NVDA
2022-01-07,17.21,17.54,16.93,17.3,22704056,NVDA
2022-01-10,16.54,16.83,16.41,16.81,18740965,NVDA
2022-01-11,16.0,16.32,15.94,16.08,81430097,NVDA
2022-01-12,17.16,17.27,16.7,16.81,42594305,NVDA
2022-01-13,17.04,17.38,16.96,17.07,88200233,NVDA
2022-01-14,17.13,17.61,16.78,17.47,46439269,NVDA
2022-01-17,17.84,17.94,17.73,17.9,54981195,NVDA
2022-01-18,18.22,18.72,18.15,18.49,14109800,NVDA
2022-01-19,18.01,18.4,17.84,18.32,59694967,NVDA
2022-01-20,18.35,18.68,17.99,18.38,87524480,NVDA
2022-01-21,17.66,18.17,17.61,17.86,85786986,NVDA
2022-01-24,17.7,18.21,17.67,18.03,17361528,NVDA
2022-01-25,18.68,18.79,18.13,18.26,3257206,NVDA
2022-01-26,18.58,18.64,18.03,18.11,60472385,NVDA
2022-01-27,18.62,18.8,18.5,18.58,73401246,NVDA
2022-01-28,20.89,20.89,20.27,20.43,87024740,NVDA
2022-01-31,19.71,19.89,19.65,19.84,62348294,NVDA
2022-02-01,20.45,20.87,20.45,20.46,58738935,NVDA
2022-02-02,21.59,21.93,20.87,21.17,52617050,NVDA
2022-02-03,22.1,22.12,21.57,21.99,39066010,NVDA
2022-02-04,21.86,22.15,21.0,21.59,41649331,NVDA
2022-02-07,21.59,22.57,21.29,22.52,59004691,NVDA
2022-02-08,23.21,23.27,22.87,23.11,73442415,NVDA
2022-02-09,23.02,23.58,22.83,23.16,15841313,NVDA
2022-02-10,23.03,23.29,22.97,23.06,21841841,NVDA
2022-02-11,22.85,23.39,22.36,23.38,33448394,NVDA
2022-02-14,23.93,24.29,23.75,24.2,64906691,NVDA
2022-02-15,25.25,25.82,24.79,25.02,16434347,NVDA
2022-02-16,27.23,27.4,26.99,26.99,16539777,NVDA
2022-02-17,27.2,27.48,26.73,26.88,26655526,NVDA
2022-02-18,27.93,28.26,27.56,27.57,30663878,NVDA
2022-02-21,27.86,28.85,27.09,27.4,34557958,NVDA
2022-02-22,28.42,28.75,27.83,28.25,66364940,NVDA
2022-02-23,28.46,29.01,28.33,28.56,55234317,NVDA
2022-02-24,28.0,28.7,27.39,28.24,11563090,NVDA
2022-02-25,27.15,27.51,26.78,27.32,24402757,NVDA
2022-02-28,26.48,26.92,26.35,26.87,81497288,NVDA
2022-03-01,26.85,27.87,26.6,27.26,65281355,NVDA
2022-03-02,28.66,28.89,28.48,28.7,38737107,NVDA
2022-03-03,28.56,29.96,28.23,29.58,44018949,NVDA
2022-03-04,28.19,28.87,27.87,28.73,44456947,NVDA
2022-03-07,28.15,28.52,27.75,28.5,70970386,NVDA
2022-03-08,28.95,29.22,28.47,28.72,50306994,NVDA
2022-03-09,29.26,29.27,28.26,28.79,87623273,NVDA
2022-03-10,29.17,29.29,28.72,29.02,82403578,NVDA
2022-03-11,29.86,30.01,29.2,29.88,37349240,NVDA
2022-03-14,30.01,30.75,29.55,30.23,19615332,NVDA
2022-03-15,30.26,30.82,29.72,29.75,33180217,NVDA
2022-03-16,28.5,28.87,28.01,28.2,78217402,NVDA
2022-03-17,27.76,28.46,27.33,28.03,12233213,NVDA
2022-03-18,26.75,26.98,26.45,26.76,56667563,NVDA
2022-03-21,26.9,26.96,26.67,26.73,42479169,NVDA
2022-03-22,27.47,27.5,26.98,27.09,86571564,NVDA
2022-03-23,25.97,26.68,25.9,26.1,49094568,NVDA
2022-03-24,26.66,26.89,26.04,26.07,10857403,NVDA
2022-03-25,26.33,26.73,25.78,25.87,18892919,NVDA
2022-03-28,27.29,27.74,27.12,27.46,19706434,NVDA
2022-03-29,27.82,28.11,27.57,27.9,63993806,NVDA
2022-03-30,26.04,26.49,26.0,26.4,60244590,NVDA
2022-03-31,26.44,26.97,26.08,26.79,77140830,NVDA
2022-04-01,27.31,27.7,27.12,27.17,64279122,NVDA
2022-04-04,27.63,27.76,26.72,27.03,66406235,NVDA
2022-04-05,27.35,27.52,26.51,26.75,6250135,NVDA
2022-04-06,27.36,27.67,27.18,27.27,89101726,NVDA
2022-04-07,27.7,28.0,27.35,27.84,62799690,NVDA
2022-04-08,27.97,28.28,27.35,28.22,73900077,NVDA
2022-04-11,27.6,27.98,27.39,27.4,60078746,NVDA
2022-04-12,27.03,27.77,26.9,27.2,13764644,NVDA
2022-04-13,26.25,26.39,25.28,25.95,68587782,NVDA
2022-04-14,24.78,25.07,24.71,24.8,81477410,NVDA
2022-04-15,24.52,24.79,24.36,24.39,7444586,NVDA
2022-04-18,23.45,23.69,23.24,23.62,52311825,NVDA
2022-04-19,24.05,24.55,22.96,23.32,16703402,NVDA
2022-04-20,25.58,25.99,24.63,25.12,20652985,NVDA
2022-04-21,25.54,25.59,25.4,25.48,84573613,NVDA
2022-04-22,24.49,25.06,24.47,24.79,88335702,NVDA
2022-04-25,23.43,23.66,23.08,23.2,9245670,NVDA
2022-04-26,22.88,23.03,22.42,22.6,70466144,NVDA
2022-04-27,21.27,22.2,21.2,21.62,9366639,NVDA
2022-04-28,20.25,20.53,20.07,20.2,48894325,NVDA
2022-04-29,21.28,21.36,20.35,20.62,78252567,NVDA
2022-05-02,20.37,20.45,20.27,20.29,68972590,NVDA
2022-05-03,20.43,20.91,20.33,20.53,70753733,NVDA
2022-05-04,22.74,22.85,22.48,22.51,39779368,NVDA
2022-05-05,23.31,23.6,22.45,22.66,87631882,NVDA
2022-05-06,22.58,22.92,22.3,22.7,64080228,NVDA
2022-05-09,22.79,22.95,22.68,22.91,16027362,NVDA
2022-05-10,22.63,23.25,22.46,22.69,81958921,NVDA
2022-05-11,22.15,22.22,21.7,22.09,84822929,NVDA
2022-05-12,22.34,22.51,21.77,21.91,73752798,NVDA
2022-05-13,22.79,22.88,22.59,22.65,66969419,NVDA
2022-05-16,21.71,22.92,21.58,22.43,87959742,NVDA
2022-05-17,21.66,21.76,21.2,21.49,64385134,NVDA
2022-05-18,20.82,21.21,20.22,20.66,60479986,NVDA
2022-05-19,20.22,20.24,19.77,20.0,52863046,NVDA
2022-05-20,20.09,20.15,19.61,19.98,37756914,NVDA
2022-05-23,20.24,20.56,20.08,20.24,65260025,NVDA
2022-05-24,20.71,20.99,20.46,20.52,69664501,NVDA
2022-05-25,21.06,21.4,20.55,21.24,48577287,NVDA
2022-05-26,20.59,21.58,20.54,21.09,69808296,NVDA
2022-05-27,21.54,21.74,21.47,21.62,83091803,NVDA
2022-05-30,21.49,22.47,21.43,21.82,6176028,NVDA
2022-05-31,22.88,23.09,22.26,22.28,9932578,NVDA
2022-06-01,21.07,21.14,21.03,21.08,46272815,NVDA
2022-06-02,22.43,22.49,21.65,21.89,46403677,NVDA
2022-06-03,20.5,21.21,20.49,20.9,79287730,NVDA
2022-06-06,19.86,20.75,19.84,20.21,83244355,NVDA
2022-06-07,20.86,20.94,20.6,20.7,9690370,NVDA
2022-06-08,19.97,20.8,19.73,20.48,32596576,NVDA
2022-06-09,21.44,21.71,21.07,21.63,73706059,NVDA
2022-06-10,21.14,22.09,20.92,21.76,89923096,NVDA
2022-06-13,21.27,21.34,21.02,21.12,31042269,NVDA
2022-06-14,20.71,21.56,20.54,21.25,7715122,NVDA
2022-06-15,20.99,21.33,20.95,21.02,43783264,NVDA
2022-06-16,21.49,22.11,21.24,22.06,23809329,NVDA
2022-06-17,23.4,23.78,22.94,23.21,17134301,NVDA
2022-06-20,24.18,24.65,23.41,23.78,53052310,NVDA
2022-06-21,23.59,23.84,23.47,23.53,75599983,NVDA
2022-06-22,23.29,24.15,22.89,23.63,34779685,NVDA
2022-06-23,24.6,24.69,24.14,24.43,81774405,NVDA
2022-06-24,24.26,24.4,23.48,23.89,12572605,NVDA
2022-06-27,23.65,23.68,23.03,23.37,54567071,NVDA
2022-06-28,24.49,24.56,23.46,24.02,22622859,NVDA
2022-06-29,25.32,25.48,24.54,24.61,82599572,NVDA
2022-06-30,24.58,25.12,24.36,24.48,12569865,NVDA
2022-07-01,24.24,24.36,23.61,24.33,77793773,NVDA
2022-07-04,22.77,23.19,22.68,22.98,21946812,NVDA
2022-07-05,23.87,24.16,23.78,23.86,10721370,NVDA
2022-07-06,23.75,23.96,23.71,23.82,44261904,NVDA
2022-07-07,22.68,23.34,22.29,22.86,69670258,NVDA
2022-07-08,22.26,22.3,22.1,22.13,47965419,NVDA
2022-07-11,22.24,22.53,21.48,21.59,57247202,NVDA
2022-07-12,22.51,23.0,22.17,22.77,3700967,NVDA
2022-07-13,23.14,23.72,22.93,23.3,27643236,NVDA
2022-07-14,22.31,22.76,22.12,22.42,66865359,NVDA
2022-07-15,23.41,23.87,23.18,23.77,46673887,NVDA
2022-07-18,25.2,25.23,23.84,24.8,42223995,NVDA
2022-07-19,24.02,24.17,23.99,24.07,24577198,NVDA
2022-07-20,22.46,22.64,22.03,22.26,85823725,NVDA
2022-07-21,22.41,22.98,22.37,22.96,5170782,NVDA
2022-07-22,22.79,22.89,22.43,22.6,62259555,NVDA
2022-07-25,22.51,23.0,21.89,22.55,6890087,NVDA
2022-07-26,21.76,22.49,21.69,22.25,28689564,NVDA
2022-07-27,23.46,23.52,22.86,23.16,76501031,NVDA
2022-07-28,24.62,24.72,23.92,24.27,4904590,NVDA
2022-07-29,25.02,25.59,24.77,24.93,80577938,NVDA
2022-08-01,25.05,25.45,24.81,24.87,26640988,NVDA
2022-08-02,24.77,25.77,24.66,25.12,9981507,NVDA
2022-08-03,26.06,26.55,25.58,25.66,16067013,NVDA
2022-08-04,24.43,24.8,24.38,24.52,85590798,NVDA
2022-08-05,25.7,25.82,25.27,25.51,36802329,NVDA
2022-08-08,25.55,25.69,24.9,25.32,35701658,NVDA
2022-08-09,25.77,26.56,25.27,25.58,66957511,NVDA
2022-08-10,25.46,25.84,24.77,25.74,78208083,NVDA
2022-08-11,26.63,27.11,26.45,26.52,83155199,NVDA
2022-08-12,27.52,27.75,27.23,27.45,47143435,NVDA
2022-08-15,29.94,30.05,29.11,29.42,81946652,NVDA
2022-08-16,28.85,29.28,28.64,29.17,72868052,NVDA
2022-08-17,28.87,28.94,27.83,28.45,73068145,NVDA
2022-08-18,28.85,29.25,28.49,28.64,42292090,NVDA
2022-08-19,28.18,28.27,27.78,28.15,8677736,NVDA
2022-08-22,29.8,30.28,28.46,28.97,13768347,NVDA
2022-08-23,28.7,28.76,27.98,28.35,60562490,NVDA
2022-08-24,28.31,29.15,28.11,28.54,49267183,NVDA
2022-08-25,29.58,30.08,29.18,29.44,59696591,NVDA
2022-08-26,30.1,30.8,30.1,30.44,20086141,NVDA
2022-08-29,30.18,31.05,29.69,30.72,37871844,NVDA
2022-08-30,31.91,32.25,31.62,32.15,50585076,NVDA
2022-08-31,33.28,33.72,33.06,33.52,46708379,NVDA
2022-09-01,32.77,33.67,31.94,31.94,30969160,NVDA
2022-09-02,32.78,33.04,31.99,32.38,18932326,NVDA
2022-09-05,31.47,32.7,31.31,32.66,18854691,NVDA
2022-09-06,32.39,33.39,31.8,32.46,78357507,NVDA
2022-09-07,31.61,32.0,30.75,31.94,53907200,NVDA
2022-09-08,32.02,32.26,31.93,32.09,80369351,NVDA
2022-09-09,32.66,32.76,32.35,32.57,14118793,NVDA
2022-09-12,32.97,33.22,32.67,32.94,78559430,NVDA
2022-09-13,34.67,35.23,34.3,34.44,13757532,NVDA
2022-09-14,35.19,35.65,35.13,35.61,45057812,NVDA
2022-09-15,35.85,36.36,34.83,35.09,34671083,NVDA
2022-09-16,34.34,34.76,34.32,34.41,34422025,NVDA
2022-09-19,36.08,36.65,35.01,35.42,13489565,NVDA
2022-09-20,34.75,35.72,34.31,34.8,32975348,NVDA
2022-09-21,35.35,35.52,34.52,35.09,29204998,NVDA
2022-09-22,35.2,35.83,35.12,35.71,39860066,NVDA
2022-09-23,37.59,37.73,36.66,36.97,18018628,NVDA
2022-09-26,37.84,38.08,37.36,37.67,9006208,NVDA
2022-09-27,39.25,40.54,38.85,39.49,35645768,NVDA
2022-09-28,39.3,39.37,39.03,39.08,56854263,NVDA
2022-09-29,40.3,41.03,40.01,40.01,23423061,NVDA
2022-09-30,38.44,40.19,38.29,39.36,85663271,NVDA
2022-10-03,39.27,39.94,38.44,39.71,20979371,NVDA
2022-10-04,39.4,40.08,39.06,40.0,47450842,NVDA
2022-10-05,39.52,40.02,38.92,39.02,58500216,NVDA
2022-10-06,36.3,37.41,35.69,36.19,47810081,NVDA
2022-10-07,37.01,37.69,37.0,37.38,43832626,NVDA
2022-10-10,37.52,38.2,36.96,37.92,71590887,NVDA
2022-10-11,38.2,38.28,38.02,38.22,75008937,NVDA
2022-10-12,36.24,37.69,36.08,37.55,50531871,NVDA
2022-10-13,37.2,37.31,37.19,37.3,19577462,NVDA
2022-10-14,38.84,38.86,37.57,37.94,63176963,NVDA
2022-10-17,37.29,38.37,37.28,38.1,5636062,NVDA
2022-10-18,38.88,39.6,38.75,39.59,64836866,NVDA
2022-10-19,39.19,39.98,38.39,39.87,44984886,NVDA
2022-10-20,39.29,39.92,38.78,39.03,62460543,NVDA
2022-10-21,39.43,40.18,39.1,39.89,27917020,NVDA
2022-10-24,40.37,40.78,38.79,39.26,5878952,NVDA
2022-10-25,39.53,39.94,39.11,39.66,52012314,NVDA
2022-10-26,37.38,37.74,37.12,37.67,59293285,NVDA
2022-10-27,36.77,37.91,36.33,37.4,78299560,NVDA
2022-10-28,38.55,39.45,37.97,38.16,60298872,NVDA
2022-10-31,38.14,38.33,37.42,37.53,32790075,NVDA
2022-11-01,37.72,38.06,37.42,37.62,82602966,NVDA
2022-11-02,39.18,40.3,38.14,38.42,64263134,NVDA
2022-11-03,39.34,39.53,38.35,38.62,52506927,NVDA
2022-11-04,41.11,41.26,40.45,40.88,75621801,NVDA
2022-11-07,40.73,41.74,40.5,40.69,61721394,NVDA
2022-11-08,40.26,40.73,39.97,40.59,28025817,NVDA
2022-11-09,40.66,41.17,40.51,40.52,15777205,NVDA
2022-11-10,38.09,38.69,38.03,38.29,77961213,NVDA
2022-11-11,37.49,38.18,36.29,36.66,38663041,NVDA
2022-11-14,37.8,38.34,36.92,37.37,16240649,NVDA
2022-11-15,37.03,37.41,35.75,37.11,57902810,NVDA
2022-11-16,38.6,39.0,38.44,38.82,44957882,NVDA
2022-11-17,39.1,39.54,38.27,38.84,62464015,NVDA
2022-11-18,39.39,40.27,38.03,38.76,80800279,NVDA
2022-11-21,40.29,40.83,39.86,40.11,68837680,NVDA
2022-11-22,41.2,41.56,40.28,40.56,88577058,NVDA
2022-11-23,42.43,43.46,42.22,42.71,61109404,NVDA
2022-11-24,41.65,41.75,41.28,41.49,46449958,NVDA
2022-11-25,42.6,42.63,41.65,42.17,12768186,NVDA
2022-11-28,43.33,43.74,42.88,43.18,59575839,NVDA
2022-11-29,44.32,44.77,43.16,44.04,76827609,NVDA
2022-11-30,46.47,47.42,44.58,45.74,55804597,NVDA
2022-12-01,47.36,47.58,46.74,47.34,19077648,NVDA
2022-12-02,48.29,49.37,47.36,47.54,75690593,NVDA
2022-12-05,46.57,46.96,45.87,46.9,30198508,NVDA
2022-12-06,48.87,49.51,48.3,48.47,31976221,NVDA
2022-12-07,48.44,48.94,47.65,48.72,52403663,NVDA
2022-12-08,50.08,51.44,49.9,50.33,31052905,NVDA
2022-12-09,53.15,53.24,51.9,52.63,10312431,NVDA
2022-12-12,54.23,54.33,51.87,53.16,86952670,NVDA
2022-12-13,51.89,52.18,51.66,51.94,62170086,NVDA
2022-12-14,51.89,53.5,51.72,51.76,22867841,NVDA
2022-12-15,54.36,54.61,51.86,53.23,51658032,NVDA
2022-12-16,52.51,53.47,52.36,53.09,63530142,NVDA
2022-12-19,56.09,56.57,54.41,55.26,83139877,NVDA
2022-12-20,54.68,55.87,53.88,55.59,32661957,NVDA
2022-12-21,54.55,57.05,53.79,56.08,62263425,NVDA
2022-12-22,55.66,56.29,54.63,55.29,41100680,NVDA
2022-12-23,55.23,56.47,54.84,55.4,85305062,NVDA
2022-12-26,57.18,58.07,57.02,57.55,6534189,NVDA
2022-12-27,55.24,57.48,55.2,57.24,5055378,NVDA
2022-12-28,57.33,57.54,55.86,56.95,40171257,NVDA
2022-12-29,55.57,56.64,54.15,55.89,6846769,NVDA
2022-12-30,56.54,58.08,56.05,57.5,59652417,NVDA
2023-01-02,55.14,55.52,54.1,55.17,66738006,NVDA
2023-01-03,53.42,55.22,53.09,54.34,39676043,NVDA
2023-01-04,55.52,56.77,55.15,56.11,63797039,NVDA
2023-01-05,58.18,59.16,57.83,58.84,73750178,NVDA
2023-01-06,59.62,60.41,58.54,58.7,69070057,NVDA
2023-01-09,60.65,61.24,59.14,60.7,8810992,NVDA
2023-01-10,58.58,60.02,56.69,57.41,54829791,NVDA
2023-01-11,58.32,60.26,57.87,58.99,48168544,NVDA
2023-01-12,58.73,60.55,56.83,59.76,38194220,NVDA
2023-01-13,59.41,59.86,57.78,57.82,8321659,NVDA
2023-01-16,53.92,55.45,53.46,55.02,44306072,NVDA
2023-01-17,55.45,56.83,53.93,54.4,70353002,NVDA
2023-01-18,54.18,55.93,54.14,55.05,10623923,NVDA
2023-01-19,56.54,57.23,55.29,55.89,15161212,NVDA
2023-01-20,55.72,57.04,55.64,56.31,38044464,NVDA
2023-01-23,59.23,59.4,57.81,57.86,57877004,NVDA
2023-01-24,61.15,63.57,59.05,59.34,3815315,NVDA
2023-01-25,58.08,59.08,56.5,57.13,27890199,NVDA
2023-01-26,57.05,57.1,55.78,56.69,13471118,NVDA
2023-01-27,55.78,56.26,55.16,56.04,71255348,NVDA
2023-01-30,58.78,60.49,57.65,58.03,4668609,NVDA
2023-01-31,59.27,59.88,56.66,57.4,14414644,NVDA
2023-02-01,59.05,59.58,58.7,59.4,24003560,NVDA
2023-02-02,58.83,59.91,57.72,59.79,71846442,NVDA
2023-02-03,66.24,66.56,62.82,64.43,69827014,NVDA
2023-02-06,64.44,64.65,63.27,64.59,46344973,NVDA
2023-02-07,65.63,65.76,63.9,64.84,77583832,NVDA
2023-02-08,65.13,65.36,64.47,64.87,61469726,NVDA
2023-02-09,65.76,66.78,65.02,65.41,69082386,NVDA
2023-02-10,70.46,70.74,70.23,70.67,84542010,NVDA
2023-02-13,69.81,71.04,69.14,69.86,84844018,NVDA
2023-02-14,66.67,69.55,66.57,68.31,63697979,NVDA
2023-02-15,67.66,68.31,67.59,68.16,36603335,NVDA
2023-02-16,68.99,70.55,68.07,69.82,54150162,NVDA
2023-02-17,69.3,69.67,68.01,68.01,30460462,NVDA
2023-02-20,69.69,71.09,69.39,69.93,75699226,NVDA
2023-02-21,72.03,74.05,71.34,71.83,51472157,NVDA
2023-02-22,70.0,72.0,69.03,71.73,31184612,NVDA
2023-02-23,71.61,73.76,70.99,71.44,31063187,NVDA
2023-02-24,71.71,71.89,68.73,70.01,7190879,NVDA
2023-02-27,69.95,70.58,69.57,69.68,12943930,NVDA
2023-02-28,69.25,69.9,66.18,68.26,44919990,NVDA
2023-03-01,70.87,71.65,69.71,71.12,86396174,NVDA
2023-03-02,74.37,75.43,74.04,74.96,44108456,NVDA
2023-03-03,75.76,77.01,73.89,74.58,58807849,NVDA
2023-03-06,74.33,74.86,73.75,74.74,8273192,NVDA
2023-03-07,69.79,70.83,69.59,70.81,50581903,NVDA
2023-03-08,69.91,71.14,69.51,69.93,10078838,NVDA
2023-03-09,70.56,71.98,69.14,70.88,18535186,NVDA
2023-03-10,72.94,73.92,71.41,71.71,60532940,NVDA
2023-03-13,73.1,73.6,70.41,72.21,73007128,NVDA
2023-03-14,72.8,74.58,72.48,74.32,27286649,NVDA
2023-03-15,75.45,75.82,74.27,74.77,8006499,NVDA
2023-03-16,72.74,74.16,72.52,74.14,45802916,NVDA
2023-03-17,78.38,78.94,77.06,78.07,3982976,NVDA
2023-03-20,74.64,75.67,73.59,73.91,16192166,NVDA
2023-03-21,71.13,73.01,70.82,71.6,79118035,NVDA
2023-03-22,69.77,71.17,68.91,70.24,86695196,NVDA
2023-03-23,69.8,69.94,68.09,68.92,12786038,NVDA
2023-03-24,67.31,67.8,67.24,67.53,88755566,NVDA
2023-03-27,66.22,68.53,66.14,67.27,30356326,NVDA
2023-03-28,67.75,67.87,65.96,66.03,58410516,NVDA
2023-03-29,67.07,68.46,64.1,66.11,3216968,NVDA
2023-03-30,68.06,68.59,67.21,67.48,56628074,NVDA
2023-03-31,68.17,68.69,67.06,67.73,54867912,NVDA
2023-04-03,69.33,69.64,66.47,68.18,84240630,NVDA
2023-04-04,66.64,66.96,65.83,66.46,7032320,NVDA
2023-04-05,65.25,65.34,64.36,64.39,31915927,NVDA
2023-04-06,64.41,64.89,63.83,63.99,12442990,NVDA
2023-04-07,65.4,67.35,65.06,65.97,30830702,NVDA
2023-04-10,68.07,69.89,66.77,66.9,10886017,NVDA
2023-04-11,69.59,70.48,67.85,69.3,65539913,NVDA
2023-04-12,70.83,72.15,70.75,71.59,61851119,NVDA
2023-04-13,73.87,76.25,72.58,74.24,67129778,NVDA
2023-04-14,70.13,73.03,69.9,72.64,89765088,NVDA
2023-04-17,73.81,76.79,72.89,75.59,62369577,NVDA
2023-04-18,75.94,77.85,75.48,77.53,39539309,NVDA
2023-04-19,83.73,83.74,81.67,82.73,87176216,NVDA
2023-04-20,85.4,85.5,83.13,84.42,34058797,NVDA
2023-04-21,87.07,87.08,84.02,85.47,45404614,NVDA
2023-04-24,86.01,86.26,84.4,85.35,52799727,NVDA
2023-04-25,88.35,90.47,85.83,86.0,38622000,NVDA
2023-04-26,81.57,82.39,80.96,82.03,81920059,NVDA
2023-04-27,80.79,82.69,80.65,81.63,61824532,NVDA
2023-04-28,80.68,81.8,80.42,81.74,46416997,NVDA
2023-05-01,84.76,86.39,83.43,84.42,67014619,NVDA
2023-05-02,82.25,84.11,81.58,82.99,11804156,NVDA
2023-05-03,82.45,84.57,81.13,83.53,35551405,NVDA
2023-05-04,87.82,88.66,87.3,88.47,33649847,NVDA
2023-05-05,87.56,87.69,86.83,87.29,55225852,NVDA
2023-05-08,88.08,91.0,87.65,89.76,52341689,NVDA
2023-05-09,88.6,89.63,88.48,88.56,26819015,NVDA
2023-05-10,88.54,90.61,88.37,88.52,16202213,NVDA
2023-05-11,92.3,93.49,89.82,89.98,66190018,NVDA
2023-05-12,92.89,93.2,91.61,92.64,70459220,NVDA
2023-05-15,89.77,94.29,87.58,91.51,68911689,NVDA
2023-05-16,89.35,91.12,88.63,88.97,35123164,NVDA
2023-05-17,93.67,93.75,92.88,93.36,59276658,NVDA
2023-05-18,92.37,94.78,91.45,94.12,82980475,NVDA
2023-05-19,92.23,96.92,90.77,96.64,65476334,NVDA
2023-05-22,100.74,100.85,97.96,99.58,11265536,NVDA
2023-05-23,101.88,102.58,100.06,102.13,72491437,NVDA
2023-05-24,100.52,103.55,100.38,101.59,83467035,NVDA
2023-05-25,101.21,102.83,100.9,101.44,70858104,NVDA
2023-05-26,98.98,99.46,95.62,97.07,56319495,NVDA
2023-05-29,100.46,101.31,97.48,97.85,11158142,NVDA
2023-05-30,96.08,97.16,95.66,96.73,41113601,NVDA
2023-05-31,99.18,101.35,96.36,96.92,58891165,NVDA
2023-06-01,102.71,103.82,102.01,102.76,38388781,NVDA
2023-06-02,105.21,105.68,104.12,105.17,35658224,NVDA
2023-06-05,105.49,105.88,105.17,105.6,49777391,NVDA
2023-06-06,101.59,103.88,100.85,101.66,75663847,NVDA
2023-06-07,103.96,105.11,103.07,104.16,66618325,NVDA
2023-06-08,108.19,109.47,106.79,109.29,3240648,NVDA
2023-06-09,106.97,107.05,106.61,106.91,75069008,NVDA
2023-06-12,106.92,108.91,104.83,108.56,36158575,NVDA
2023-06-13,108.1,109.81,106.25,107.17,36605317,NVDA
2023-06-14,105.94,108.08,103.47,106.96,66666021,NVDA
2023-06-15,106.88,108.29,106.01,106.07,89047250,NVDA
2023-06-16,101.19,101.89,100.45,101.36,88442673,NVDA
2023-06-19,97.39,101.87,95.53,100.07,24498603,NVDA
2023-06-20,97.32,98.89,92.02,95.6,33895200,NVDA
2023-06-21,100.35,100.45,99.06,99.88,44175348,NVDA
2023-06-22,103.21,105.62,102.42,103.3,51984489,NVDA
2023-06-23,103.19,104.21,103.18,103.7,14843479,NVDA
2023-06-26,107.69,108.54,103.96,104.83,83783503,NVDA
2023-06-27,104.9,105.73,104.32,105.27,40533951,NVDA
2023-06-28,107.72,109.31,106.06,106.17,65149591,NVDA
2023-06-29,107.4,108.25,106.36,107.06,74733248,NVDA
2023-06-30,104.44,108.71,103.92,106.57,3105090,NVDA
2023-07-03,107.49,108.66,104.25,106.32,23030305,NVDA
2023-07-04,100.06,102.93,99.87,102.41,73353126,NVDA
2023-07-05,100.34,101.96,98.68,99.66,80377476,NVDA
2023-07-06,98.74,98.84,97.72,98.13,73789453,NVDA
2023-07-07,99.34,101.15,97.21,98.99,43173130,NVDA
2023-07-10,97.05,98.65,96.44,98.15,31265106,NVDA
2023-07-11,106.34,107.7,103.97,104.14,82887193,NVDA
2023-07-12,106.6,107.01,103.0,103.82,71918955,NVDA
2023-07-13,101.56,103.09,100.29,102.99,4260781,NVDA
2023-07-14,103.99,106.6,102.77,104.59,58401147,NVDA
2023-07-17,110.78,111.29,107.62,108.11,66639292,NVDA
2023-07-18,113.78,115.61,112.85,114.53,58824714,NVDA
2023-07-19,119.91,120.05,116.78,118.2,17453796,NVDA
2023-07-20,114.73,116.78,112.88,116.45,39431655,NVDA
2023-07-21,115.06,116.59,113.5,116.17,40514861,NVDA
2023-07-24,120.64,121.82,118.74,120.17,33446579,NVDA
2023-07-25,122.25,122.36,121.39,121.42,88622413,NVDA
2023-07-26,121.94,124.77,121.09,124.67,89568093,NVDA
2023-07-27,122.75,125.79,121.64,124.73,32067107,NVDA
2023-07-28,132.16,135.11,129.59,131.15,28231841,NVDA
2023-07-31,139.92,142.79,135.52,137.28,72505690,NVDA
2023-08-01,143.44,145.88,138.88,142.33,57183406,NVDA
2023-08-02,144.17,144.26,140.78,143.39,83904127,NVDA
2023-08-03,138.0,140.62,136.63,137.1,64657231,NVDA
2023-08-04,129.67,133.42,127.98,132.1,8678282,NVDA
2023-08-07,134.57,135.66,132.21,133.77,41500565,NVDA
2023-08-08,138.64,140.05,135.07,136.78,59840737,NVDA
2023-08-09,126.99,127.56,124.65,125.85,77354129,NVDA
2023-08-10,122.27,125.51,120.12,124.46,67739547,NVDA
2023-08-11,127.29,132.18,126.53,129.16,40145561,NVDA
2023-08-14,135.51,136.07,132.11,133.25,35609253,NVDA
2023-08-15,128.94,132.71,126.48,131.7,4977506,NVDA
2023-08-16,132.43,135.74,131.44,134.61,38412758,NVDA
2023-08-17,138.37,140.04,132.23,135.14,53941834,NVDA
2023-08-18,132.84,137.42,131.08,134.67,26394147,NVDA
2023-08-21,138.09,139.96,135.67,139.63,88046007,NVDA
2023-08-22,146.26,147.93,143.3,144.86,66574328,NVDA
2023-08-23,144.76,146.75,142.42,143.07,9952191,NVDA
2023-08-24,139.2,142.31,138.13,139.56,62382054,NVDA
2023-08-25,131.77,135.2,131.6,134.68,45535888,NVDA
2023-08-28,128.53,131.31,128.18,129.54,85730129,NVDA
2023-08-29,135.51,136.72,133.94,135.17,38203076,NVDA
2023-08-30,141.33,144.87,140.34,143.33,75346500,NVDA
2023-08-31,142.55,146.45,141.66,144.69,18224141,NVDA
2023-09-01,152.57,153.18,149.39,149.74,18387337,NVDA
2023-09-04,148.43,151.19,146.78,147.22,49668363,NVDA
2023-09-05,149.14,150.34,147.1,147.4,44055523,NVDA
2023-09-06,154.0,154.39,150.72,151.94,80638858,NVDA
2023-09-07,151.53,154.0,151.36,153.87,30623395,NVDA
2023-09-08,155.35,156.76,154.07,154.22,73484123,NVDA
2023-09-11,149.98,152.55,147.12,147.32,38424281,NVDA
2023-09-12,143.06,143.13,139.53,141.6,81049038,NVDA
2023-09-13,137.9,142.58,134.61,140.35,26187940,NVDA
2023-09-14,135.28,138.85,134.0,138.54,44567019,NVDA
2023-09-15,137.01,139.64,136.72,138.7,19191371,NVDA
2023-09-18,137.7,137.74,134.95,136.57,16043645,NVDA
2023-09-19,135.76,137.55,134.44,136.15,63174485,NVDA
2023-09-20,137.42,138.09,136.3,136.85,35356459,NVDA
2023-09-21,136.75,140.3,135.4,139.41,26279673,NVDA
2023-09-22,141.91,142.72,137.95,140.15,80202528,NVDA
2023-09-25,136.83,138.53,135.03,138.36,68061214,NVDA
2023-09-26,140.03,141.1,137.16,137.68,5640663,NVDA
2023-09-27,141.82,142.49,140.13,141.87,58822004,NVDA
2023-09-28,135.1,144.53,134.11,141.48,82389686,NVDA
2023-09-29,137.54,138.37,135.19,137.96,69583964,NVDA
2023-10-02,132.57,135.2,130.04,134.36,72270598,NVDA
2023-10-03,134.18,137.13,133.91,135.93,82273608,NVDA
2023-10-04,138.29,138.78,137.32,138.63,79222379,NVDA
2023-10-05,146.51,146.71,142.37,144.18,55946402,NVDA
2023-10-06,145.11,147.06,142.8,143.28,16834212,NVDA
2023-10-09,152.84,152.87,149.24,149.68,26873172,NVDA
2023-10-10,148.61,149.63,147.27,148.63,30976613,NVDA
2023-10-11,143.89,149.37,143.51,148.08,63129093,NVDA
2023-10-12,144.84,147.37,143.39,146.08,51624790,NVDA
2023-10-13,146.77,151.45,145.18,148.81,43860530,NVDA
2023-10-16,152.34,155.59,150.09,153.95,33711605,NVDA
2023-10-17,160.52,161.93,152.02,154.31,3467966,NVDA
2023-10-18,154.35,154.86,151.41,152.52,8054102,NVDA
2023-10-19,144.05,147.2,142.86,146.19,26660927,NVDA
2023-10-20,149.93,150.85,146.73,147.28,8802047,NVDA
2023-10-23,145.58,147.58,144.57,146.24,27933750,NVDA
2023-10-24,142.83,145.91,141.31,145.81,55865920,NVDA
2023-10-25,146.09,146.75,142.28,143.56,24986250,NVDA
2023-10-26,139.31,140.44,138.17,140.32,39030925,NVDA
2023-10-27,139.23,140.19,136.1,138.97,83618908,NVDA
2023-10-30,146.13,146.59,140.62,141.22,25946650,NVDA
2023-10-31,143.43,146.16,142.39,145.68,7257836,NVDA
2023-11-01,148.33,152.12,145.53,146.04,82969478,NVDA
2023-11-02,147.15,148.8,145.02,147.86,67201704,NVDA
2023-11-03,144.93,148.33,142.71,147.42,13608520,NVDA
2023-11-06,146.73,147.36,145.28,147.3,42947220,NVDA
2023-11-07,142.26,142.33,138.9,141.9,55983388,NVDA
2023-11-08,146.44,147.58,143.92,146.04,67023359,NVDA
2023-11-09,145.56,151.84,144.73,149.03,79536294,NVDA
2023-11-10,157.95,159.9,154.04,155.98,71421286,NVDA
2023-11-13,151.63,156.22,149.27,153.63,7482619,NVDA
2023-11-14,155.35,158.32,153.18,154.64,35179163,NVDA
2023-11-15,151.38,152.21,149.07,150.92,45844569,NVDA
2023-11-16,151.13,153.36,149.17,152.42,48330419,NVDA
2023-11-17,153.66,156.03,152.04,152.3,50794144,NVDA
2023-11-20,154.08,156.64,153.84,155.78,61148869,NVDA
2023-11-21,153.32,157.02,150.57,155.56,19382668,NVDA
2023-11-22,155.54,161.91,154.24,158.97,42948827,NVDA
2023-11-23,152.7,158.36,150.18,157.14,55928551,NVDA
2023-11-24,158.65,162.88,158.0,160.36,22323779,NVDA
2023-11-27,154.09,164.33,154.08,159.39,81274026,NVDA
2023-11-28,156.93,158.41,155.22,157.81,6655314,NVDA
2023-11-29,157.35,162.62,154.59,158.67,41397488,NVDA
2023-11-30,164.82,167.12,160.4,160.85,29967088,NVDA
2023-12-01,152.04,156.69,150.47,154.78,21841541,NVDA
2023-12-04,151.03,151.82,148.39,148.47,19610342,NVDA
2023-12-05,150.54,153.68,147.87,149.73,64328754,NVDA
2023-12-06,150.55,152.3,148.63,149.91,45814648,NVDA
2023-12-07,140.27,144.47,138.43,141.65,59652968,NVDA
2023-12-08,133.43,135.32,131.79,135.14,14381624,NVDA
2023-12-11,131.84,133.56,130.09,132.52,64208566,NVDA
2023-12-12,134.02,134.52,133.78,134.15,62381893,NVDA
2023-12-13,136.49,137.06,133.17,135.35,55604057,NVDA
2023-12-14,138.69,140.06,136.44,139.81,36730578,NVDA
2023-12-15,148.51,151.29,144.82,145.11,27319587,NVDA
2023-12-18,159.93,161.18,154.2,156.0,33683981,NVDA
2023-12-19,144.35,152.2,143.3,149.98,36142807,NVDA
2023-12-20,150.52,152.31,149.11,150.25,37627833,NVDA
2023-12-21,155.16,155.9,153.22,155.47,74498675,NVDA
2023-12-22,148.03,153.07,146.6,150.29,71217677,NVDA
2023-12-25,138.72,146.66,138.26,144.64,32235391,NVDA
2023-12-26,142.05,146.03,140.79,145.91,24648040,NVDA
2023-12-27,150.65,153.65,149.03,151.11,28692009,NVDA
2023-12-28,158.85,159.05,155.73,157.23,33237130,NVDA
2023-12-29,150.68,151.44,148.83,149.69,68260212,NVDA
2024-01-01,145.98,146.83,142.61,144.88,87226955,NVDA
2024-01-02,144.39,145.89,143.07,144.91,72885932,NVDA
2024-01-03,145.29,146.4,142.2,143.1,71070350,NVDA
2024-01-04,145.92,147.11,143.35,144.89,15105414,NVDA
2024-01-05,148.37,150.19,145.46,145.9,63805169,NVDA
2024-01-08,153.77,155.24,153.22,154.1,42782343,NVDA
2024-01-09,152.73,156.05,151.57,154.28,13630334,NVDA
2024-01-10,151.95,157.66,150.6,155.58,74398662,NVDA
2024-01-11,160.04,160.9,153.67,156.4,16338433,NVDA
2024-01-12,160.61,163.44,156.59,162.05,79000283,NVDA
2024-01-15,154.83,159.03,152.5,157.33,2460704,NVDA
2024-01-16,154.44,162.37,152.15,159.61,53647676,NVDA
2024-01-17,157.85,159.14,155.21,156.52,25304318,NVDA
2024-01-18,147.46,152.69,145.63,150.61,21112507,NVDA
2024-01-19,156.55,159.98,154.93,156.4,71560836,NVDA
2024-01-22,160.01,161.72,155.8,159.33,39624483,NVDA
2024-01-23,170.13,172.88,165.23,166.54,8821611,NVDA
2024-01-24,166.5,169.1,164.75,168.34,51128282,NVDA
2024-01-25,167.07,174.28,166.17,172.14,19901746,NVDA
2024-01-26,175.67,176.09,170.48,173.4,5498090,NVDA
2024-01-29,177.6,177.7,176.33,176.92,66009271,NVDA
2024-01-30,173.69,179.58,173.56,175.38,66607619,NVDA
2024-01-31,184.94,189.74,184.24,185.05,2143536,NVDA
2024-02-01,186.06,187.93,180.29,180.91,42396653,NVDA
2024-02-02,191.06,192.61,188.53,190.9,75611994,NVDA
2024-02-05,188.55,190.59,185.55,190.46,74105835,NVDA
2024-02-06,195.85,196.99,194.36,196.09,83418012,NVDA
2024-02-07,199.33,200.15,197.23,197.6,70261915,NVDA
2024-02-08,202.05,202.44,199.94,200.94,43955193,NVDA
2024-02-09,211.8,214.13,210.54,210.72,46050689,NVDA
2024-02-12,213.44,216.98,210.34,212.39,16242131,NVDA
2024-02-13,203.66,210.87,203.55,207.32,22920836,NVDA
2024-02-14,211.49,213.01,208.18,209.57,24199363,NVDA
2024-02-15,217.81,218.19,211.37,214.43,25372246,NVDA
2024-02-16,202.2,204.62,199.06,200.19,82309940,NVDA
2024-02-19,206.63,206.97,206.61,206.83,5675824,NVDA
2024-02-20,214.15,215.75,210.81,214.41,41027232,NVDA
2024-02-21,204.85,205.13,204.2,204.26,85446937,NVDA
2024-02-22,204.3,204.55,202.39,204.1,81923245,NVDA
2024-02-23,204.68,214.23,203.29,209.91,49374115,NVDA
2024-02-26,203.23,204.89,199.53,203.62,35811083,NVDA
2024-02-27,205.73,206.31,199.24,201.86,35001270,NVDA
2024-02-28,199.62,202.12,197.62,200.6,44593813,NVDA
2024-02-29,203.1,212.42,202.79,204.72,6961668,NVDA
2024-03-01,214.38,217.79,212.32,212.39,37383138,NVDA
2024-03-04,213.32,213.72,212.25,213.0,77857442,NVDA
2024-03-05,211.99,215.84,209.58,214.21,86734952,NVDA
2024-03-06,221.65,223.41,220.98,221.01,26588378,NVDA
2024-03-07,231.35,233.84,222.25,225.45,43257616,NVDA
2024-03-08,231.91,234.68,223.76,225.58,64966188,NVDA
2024-03-11,236.17,236.47,234.72,235.55,87948559,NVDA
2024-03-12,226.24,228.05,225.32,226.72,39893001,NVDA
2024-03-13,232.83,233.85,228.07,228.61,17587515,NVDA
2024-03-14,228.31,229.19,226.37,226.63,35667027,NVDA
2024-03-15,226.05,226.73,223.1,224.1,44763424,NVDA
2024-03-18,226.14,228.63,225.29,226.27,7268481,NVDA
2024-03-19,222.99,227.5,221.18,227.38,35893020,NVDA
2024-03-20,240.25,246.83,237.12,245.52,48025176,NVDA
2024-03-21,251.01,253.3,247.55,251.21,55730762,NVDA
2024-03-22,250.69,258.51,249.1,254.8,69480260,NVDA
2024-03-25,272.0,272.83,267.81,268.61,22049862,NVDA
2024-03-26,281.93,282.06,274.2,277.88,85464900,NVDA
2024-03-27,269.91,270.06,258.62,263.88,22519260,NVDA
2024-03-28,266.39,268.44,262.54,265.83,18166014,NVDA
2024-03-29,280.97,283.29,270.73,272.78,33484664,NVDA
2024-04-01,274.25,275.57,268.64,268.9,15375974,NVDA
2024-04-02,274.04,275.22,268.93,272.27,86501760,NVDA
2024-04-03,272.84,274.17,268.62,269.58,82686322,NVDA
2024-04-04,271.45,278.48,266.89,273.59,28351627,NVDA
2024-04-05,249.24,265.28,244.92,261.57,36553777,NVDA
2024-04-08,251.81,255.05,240.54,247.7,58010631,NVDA
2024-04-09,246.55,250.84,241.72,244.53,60469850,NVDA
2024-04-10,253.53,255.99,244.2,247.04,54705186,NVDA
2024-04-11,260.03,260.51,253.86,257.92,46359118,NVDA
2024-04-12,256.18,259.72,251.31,256.67,29370383,NVDA
2024-04-15,250.18,252.76,247.59,251.86,29944676,NVDA
2024-04-16,257.49,265.74,255.33,259.7,73510582,NVDA
2024-04-17,261.7,263.97,259.52,260.85,62007297,NVDA
2024-04-18,268.77,281.17,263.75,276.17,48192426,NVDA
2024-04-19,271.83,277.74,268.46,276.35,51156533,NVDA
2024-04-22,265.08,265.94,258.61,261.61,51498876,NVDA
2024-04-23,248.51,259.05,246.88,256.29,14975794,NVDA
2024-04-24,244.14,255.83,242.01,249.92,14912383,NVDA
2024-04-25,238.48,243.17,235.4,240.52,64077049,NVDA
2024-04-26,234.42,239.53,232.4,235.77,84874101,NVDA
2024-04-29,232.04,236.75,228.78,231.69,65390004,NVDA
2024-04-30,233.51,235.3,227.27,230.44,50455085,NVDA
2024-05-01,228.49,231.42,224.69,227.4,87655340,NVDA
2024-05-02,233.07,235.78,225.93,230.89,37571835,NVDA
2024-05-03,232.48,238.21,230.73,234.47,40092839,NVDA
2024-05-06,236.6,241.78,234.57,236.42,76439171,NVDA
2024-05-07,236.06,239.66,231.83,238.53,32034911,NVDA
2024-05-08,225.86,230.66,224.26,226.16,13401645,NVDA
2024-05-09,217.79,220.55,214.18,215.81,64086807,NVDA
2024-05-10,212.51,213.51,210.5,210.83,42221112,NVDA
2024-05-13,207.04,215.09,206.69,213.07,66372923,NVDA
2024-05-14,201.09,207.31,198.66,204.55,27190806,NVDA
2024-05-15,208.77,210.08,201.61,202.58,4920393,NVDA
2024-05-16,198.41,206.07,196.21,204.69,25927590,NVDA
2024-05-17,218.13,220.06,216.37,217.84,66061409,NVDA
2024-05-20,216.35,221.07,210.14,220.18,39713583,NVDA
2024-05-21,216.68,220.3,213.84,217.31,48523894,NVDA
2024-05-22,223.25,226.49,219.5,225.17,56613684,NVDA
2024-05-23,227.51,228.84,223.82,227.2,39461563,NVDA
2024-05-24,222.09,228.23,219.57,225.8,86881810,NVDA
2024-05-27,237.88,238.9,232.4,234.09,88843131,NVDA
2024-05-28,236.01,236.89,227.6,228.37,68026540,NVDA
2024-05-29,221.8,230.67,217.92,230.29,25528317,NVDA
2024-05-30,228.56,233.35,228.38,231.45,47351349,NVDA
2024-05-31,232.99,239.62,232.65,238.41,2477727,NVDA
2024-06-03,231.44,234.79,230.9,230.94,48428081,NVDA
2024-06-04,227.51,231.05,222.39,222.71,55341902,NVDA
2024-06-05,225.38,226.86,219.7,220.66,81778084,NVDA
2024-06-06,223.82,224.23,214.45,219.36,79609604,NVDA
2024-06-07,220.97,224.12,215.8,220.15,38233377,NVDA
2024-06-10,216.41,218.54,214.37,218.18,33429954,NVDA
2024-06-11,225.37,226.8,221.18,221.51,3823125,NVDA
2024-06-12,224.61,229.06,224.48,226.64,52434897,NVDA
2024-06-13,226.01,229.12,222.12,228.66,14848726,NVDA
2024-06-14,222.32,225.2,219.81,222.02,43693365,NVDA
2024-06-17,226.07,231.02,223.44,230.32,3454940,NVDA
2024-06-18,219.86,220.71,218.15,220.43,87445818,NVDA
2024-06-19,216.46,221.2,215.6,219.52,79622652,NVDA
2024-06-20,226.33,230.94,224.97,225.91,65900113,NVDA
2024-06-21,225.55,227.03,221.01,222.21,83326025,NVDA
2024-06-24,229.58,232.56,228.97,231.45,52721899,NVDA
2024-06-25,247.45,248.46,243.51,245.6,54875943,NVDA
2024-06-26,261.84,266.61,251.56,257.99,32513738,NVDA
2024-06-27,258.89,265.58,257.69,261.88,18187288,NVDA
2024-06-28,270.02,273.18,267.65,270.23,73167794,NVDA
2024-07-01,265.24,272.55,261.85,266.61,62111478,NVDA
2024-07-02,277.86,280.8,266.69,270.34,88559927,NVDA
2024-07-03,272.59,276.76,272.19,274.59,42214346,NVDA
2024-07-04,276.5,283.24,274.07,275.88,42517163,NVDA
2024-07-05,271.87,283.3,270.7,277.7,43745674,NVDA
2024-07-08,272.71,279.29,270.17,276.5,61083499,NVDA
2024-07-09,263.62,265.56,258.25,261.17,81405143,NVDA
2024-07-10,263.78,264.92,262.73,264.84,19921014,NVDA
2024-07-11,270.96,274.4,264.92,267.85,17349242,NVDA
2024-07-12,285.81,288.99,285.38,285.42,42620644,NVDA
2024-07-15,303.84,305.87,291.9,292.15,67715276,NVDA
2024-07-16,292.36,297.42,282.88,293.3,40744186,NVDA
2024-07-17,306.15,311.57,301.49,301.68,53900106,NVDA
2024-07-18,304.73,309.17,303.79,307.97,31017902,NVDA
2024-07-19,306.48,310.18,299.68,308.4,3358636,NVDA
2024-07-22,298.5,306.21,294.97,305.47,34942327,NVDA
2024-07-23,304.67,305.35,292.71,292.85,73865550,NVDA
2024-07-24,285.25,295.77,282.58,294.5,37039637,NVDA
2024-07-25,310.53,310.8,309.76,309.84,23581161,NVDA
2024-07-26,291.66,295.33,287.11,293.5,6520627,NVDA
2024-07-29,289.36,292.88,281.56,285.78,52238996,NVDA
2024-07-30,290.64,295.52,290.1,292.92,82336138,NVDA
2024-07-31,303.81,303.94,293.61,295.19,61117452,NVDA
2024-08-01,304.85,306.27,297.99,299.52,42537477,NVDA
2024-08-02,286.25,286.28,282.94,283.78,30969559,NVDA
2024-08-05,281.64,281.99,276.84,279.33,3773426,NVDA
2024-08-06,288.94,290.65,281.84,284.16,10662040,NVDA
2024-08-07,291.95,296.81,288.47,289.8,71034404,NVDA
2024-08-08,300.31,302.22,291.79,292.96,84959208,NVDA
2024-08-09,289.95,294.72,281.34,285.83,78347058,NVDA
2024-08-12,291.21,293.57,289.53,291.08,71007621,NVDA
2024-08-13,283.56,285.56,281.33,281.35,26050360,NVDA
2024-08-14,275.24,277.58,272.55,274.03,2844031,NVDA
2024-08-15,270.24,271.68,260.12,265.1,11367503,NVDA
2024-08-16,276.69,281.61,273.22,277.38,84891474,NVDA
2024-08-19,275.32,280.3,272.26,274.48,69338222,NVDA
2024-08-20,270.6,278.01,269.04,275.47,80371103,NVDA
2024-08-21,261.35,263.24,257.98,258.31,37961235,NVDA
2024-08-22,268.89,269.05,262.48,267.48,36766629,NVDA
2024-08-23,269.44,272.33,266.66,271.76,17107161,NVDA
2024-08-26,266.19,267.21,255.47,259.03,60344159,NVDA
2024-08-27,247.75,252.91,242.88,247.27,14456927,NVDA
2024-08-28,256.29,260.74,252.91,260.43,27903075,NVDA
2024-08-29,258.41,260.86,247.58,253.6,49864217,NVDA
2024-08-30,268.26,271.0,265.54,268.56,84100140,NVDA
2024-09-02,253.25,267.74,252.23,265.29,55021330,NVDA
2024-09-03,248.3,248.56,243.48,246.62,62670173,NVDA
2024-09-04,255.81,258.91,254.06,255.46,86252976,NVDA
2024-09-05,260.55,262.5,257.34,259.84,70135587,NVDA
2024-09-06,265.3,267.79,265.21,265.72,20642294,NVDA
2024-09-09,259.33,264.68,257.57,262.15,87994113,NVDA
2024-09-10,261.81,264.33,252.26,260.94,77738791,NVDA
2024-09-11,262.57,269.44,257.27,269.07,22500293,NVDA
2024-09-12,262.62,266.48,260.93,262.95,34764843,NVDA
2024-09-13,251.86,253.48,247.55,248.25,16726598,NVDA
2024-09-16,259.84,262.31,254.02,255.59,31712412,NVDA
2024-09-17,249.77,251.93,247.22,251.3,4515417,NVDA
2024-09-18,269.67,274.0,261.11,261.62,20461765,NVDA
2024-09-19,259.86,261.67,255.61,258.29,62120337,NVDA
2024-09-20,254.09,259.12,245.28,255.42,56745216,NVDA
2024-09-23,254.93,256.23,247.67,253.93,19499003,NVDA
2024-09-24,234.79,237.97,233.84,236.91,29619505,NVDA
2024-09-25,249.48,250.02,242.97,245.9,22951265,NVDA
2024-09-26,238.6,246.68,236.57,241.69,9147741,NVDA
2024-09-27,238.45,242.39,235.42,240.68,58586062,NVDA
2024-09-30,247.95,253.58,246.6,251.99,54388559,NVDA
2024-10-01,250.56,256.28,250.27,253.3,75098706,NVDA
2024-10-02,259.95,266.4,258.85,260.69,12003203,NVDA
2024-10-03,271.62,275.14,260.22,263.81,85297366,NVDA
2024-10-04,271.89,275.47,265.34,270.5,50178679,NVDA
2024-10-07,278.52,279.51,272.37,273.25,18710970,NVDA
2024-10-08,284.06,286.54,280.45,283.44,4385847,NVDA
2024-10-09,286.59,290.29,281.97,282.14,26581797,NVDA
2024-10-10,282.46,291.61,278.08,286.6,19926194,NVDA
2024-10-11,276.63,287.95,276.57,281.03,39940476,NVDA
2024-10-14,300.45,304.73,285.29,291.8,21086062,NVDA
2024-10-15,275.61,277.63,271.89,273.67,20738836,NVDA
2024-10-16,269.5,278.07,269.49,275.7,56344666,NVDA
2024-10-17,282.17,283.69,273.68,279.23,71402099,NVDA
2024-10-18,282.17,283.8,280.41,282.64,38386862,NVDA
2024-10-21,282.3,285.01,277.45,283.08,23835105,NVDA
2024-10-22,299.4,301.76,292.31,295.31,6046630,NVDA
2024-10-23,309.92,318.97,302.46,315.37,14131779,NVDA
2024-10-24,316.49,317.34,303.23,310.31,39647961,NVDA
2024-10-25,294.99,295.48,291.15,293.44,9651757,NVDA
2024-10-28,282.76,284.9,277.37,284.47,28588218,NVDA
2024-10-29,272.75,278.39,268.55,278.07,3131833,NVDA
2024-10-30,285.17,291.13,271.07,277.44,75339306,NVDA
2024-10-31,276.27,277.9,272.26,277.47,52304467,NVDA
2024-11-01,281.53,290.0,281.14,287.19,38911362,NVDA
2024-11-04,283.68,287.29,278.08,284.01,20169548,NVDA
2024-11-05,286.56,286.98,281.64,284.21,47738155,NVDA
2024-11-06,288.7,291.46,284.64,285.67,36492457,NVDA
2024-11-07,285.25,286.24,274.53,278.68,22699371,NVDA
2024-11-08,279.18,279.92,276.17,276.52,74948774,NVDA
2024-11-11,301.16,306.65,299.35,301.08,80242171,NVDA
2024-11-12,311.33,313.77,298.17,300.78,45911530,NVDA
2024-11-13,301.97,303.92,291.05,292.68,83323024,NVDA
2024-11-14,270.15,276.94,268.9,274.52,43242345,NVDA
2024-11-15,288.31,291.27,282.98,283.78,35402123,NVDA
2024-11-18,279.32,282.69,278.81,281.52,48697683,NVDA
2024-11-19,283.3,288.47,274.55,276.67,55250369,NVDA
2024-11-20,294.5,305.48,289.87,298.42,29217915,NVDA
2024-11-21,313.98,316.54,310.41,312.18,65390929,NVDA
2024-11-22,304.46,305.57,289.25,296.96,6878734,NVDA
2024-11-25,296.25,296.98,292.93,294.37,57334700,NVDA
2024-11-26,309.36,315.17,300.42,303.92,80666251,NVDA
2024-11-27,309.29,316.93,306.96,312.24,77055318,NVDA
2024-11-28,297.11,306.92,296.79,302.44,69830320,NVDA
2024-11-29,314.37,324.11,312.67,319.69,50560753,NVDA
2024-12-02,342.25,342.95,336.19,338.67,57978772,NVDA
2024-12-03,325.27,330.58,319.51,328.08,56393050,NVDA
2024-12-04,318.92,318.98,310.97,311.57,43225540,NVDA
2024-12-05,298.09,300.71,297.83,299.25,59926154,NVDA
2024-12-06,312.52,312.84,301.87,305.87,62159297,NVDA
2024-12-09,318.62,323.61,314.41,316.54,16564775,NVDA
2024-12-10,313.98,320.69,312.4,318.84,6908378,NVDA
2024-12-11,314.33,316.02,313.59,313.67,86393087,NVDA
2024-12-12,316.05,318.45,307.01,313.3,82855063,NVDA
2024-12-13,322.02,323.37,318.27,319.21,47055476,NVDA
2024-12-16,308.13,310.23,306.32,308.2,79571660,NVDA
2024-12-17,298.6,302.59,289.87,293.25,75860269,NVDA
2024-12-18,297.6,298.7,287.66,292.95,39699192,NVDA
2024-12-19,309.36,311.55,302.8,304.56,35410965,NVDA
2024-12-20,303.57,311.42,303.13,306.8,25663408,NVDA
2024-12-23,299.54,309.83,298.57,309.08,19078196,NVDA
2024-12-24,306.38,310.35,300.32,303.3,23716960,NVDA
2024-12-25,308.78,316.16,304.74,312.33,23703841,NVDA
2024-12-26,295.0,309.87,290.56,297.06,81374223,NVDA
2024-12-27,296.19,298.49,295.91,296.91,74277696,NVDA
2024-12-30,293.87,294.52,288.51,292.06,29447885,NVDA
2024-12-31,283.74,291.61,275.31,291.12,37684473,NVDA
2025-01-01,283.27,285.51,280.91,283.47,14488477,NVDA
2025-01-02,296.76,296.86,290.05,290.37,83141332,NVDA
2025-01-03,284.02,294.2,283.42,290.08,21757254,NVDA
2025-01-06,284.37,286.08,278.82,285.28,44725607,NVDA
2025-01-07,296.86,307.7,287.31,290.09,40533143,NVDA
2025-01-08,294.07,296.5,282.86,290.0,65187532,NVDA
2025-01-09,288.92,292.35,285.59,285.84,9482503,NVDA
2025-01-10,282.17,286.9,277.15,281.14,24472459,NVDA
2025-01-13,282.31,293.41,275.48,288.18,31897386,NVDA
2025-01-14,281.3,283.72,279.42,280.44,44543853,NVDA
2025-01-15,275.22,280.12,269.6,278.89,16752519,NVDA
2025-01-16,277.86,280.99,273.18,276.96,28069805,NVDA
2025-01-17,277.03,283.5,276.0,279.91,52595771,NVDA
2025-01-20,273.98,283.43,272.11,278.59,4694178,NVDA
2025-01-21,298.07,303.6,293.99,297.7,43385612,NVDA
2025-01-22,287.65,288.26,282.1,282.69,56661659,NVDA
2025-01-23,286.33,291.67,282.84,288.12,30497840,NVDA
2025-01-24,289.35,293.09,285.15,288.15,76516733,NVDA
2025-01-27,301.96,303.5,288.63,298.29,47395410,NVDA
2025-01-28,286.9,290.76,283.19,284.29,89398811,NVDA
2025-01-29,289.95,301.22,287.53,295.26,8337304,NVDA
2025-01-30,281.43,286.66,278.71,283.46,46101922,NVDA
2025-01-31,291.69,293.85,289.62,289.74,72194893,NVDA
2025-02-03,295.05,300.18,291.16,294.56,40962950,NVDA
2025-02-04,303.42,305.26,293.93,295.13,25607926,NVDA
2025-02-05,291.89,291.9,284.82,288.92,80297621,NVDA
2025-02-06,278.72,287.49,272.72,282.16,83300990,NVDA
2025-02-07,286.57,290.29,282.2,283.27,35533219,NVDA
2025-02-10,282.27,283.85,273.73,277.19,78879618,NVDA
2025-02-11,264.5,265.0,261.25,261.57,20488961,NVDA
2025-02-12,250.14,251.49,244.9,247.9,70125481,NVDA
2025-02-13,249.09,257.34,245.97,254.22,69080285,NVDA
2025-02-14,261.0,265.5,256.52,260.9,8458783,NVDA
2025-02-17,268.02,268.68,263.85,265.28,69453762,NVDA
2025-02-18,264.71,266.93,263.88,265.96,19433895,NVDA
2025-02-19,268.3,270.16,262.61,269.35,27369942,NVDA
2025-02-20,275.95,282.02,273.18,273.73,78943636,NVDA
2025-02-21,273.81,277.22,272.64,276.16,56008717,NVDA
2025-02-24,266.63,271.4,265.35,269.97,10559231,NVDA
2025-02-25,264.07,267.28,264.01,264.39,43528862,NVDA
2025-02-26,255.61,256.17,254.73,255.67,43404355,NVDA
2025-02-27,260.8,263.92,257.02,257.19,82914524,NVDA
2025-02-28,249.58,254.43,248.28,249.94,40179250,NVDA
2025-03-03,244.99,250.9,241.4,249.09,8794709,NVDA
2025-03-04,261.73,263.47,257.74,259.56,5477270,NVDA
2025-03-05,254.16,261.91,252.82,256.99,80208027,NVDA
2025-03-06,268.29,275.14,260.92,265.04,80915682,NVDA
2025-03-07,276.11,278.53,273.49,278.25,17921870,NVDA
2025-03-10,266.31,266.32,263.15,263.72,8749056,NVDA
2025-03-11,254.38,256.03,252.29,252.92,16438757,NVDA
2025-03-12,256.48,260.89,254.19,256.97,42945502,NVDA
2025-03-13,247.35,252.23,247.31,251.93,65698804,NVDA
2025-03-14,255.19,256.46,251.15,256.46,36642945,NVDA
2025-03-17,268.35,269.77,258.54,262.45,64393222,NVDA
2025-03-18,259.86,262.88,258.33,258.85,64100553,NVDA
2025-03-19,270.81,271.07,259.49,265.86,71491591,NVDA
2025-03-20,281.35,283.44,277.19,280.76,8624056,NVDA
2025-03-21,289.87,292.38,286.87,289.53,33438430,NVDA
2025-03-24,278.64,284.06,278.1,282.49,28051218,NVDA
2025-03-25,283.73,287.35,276.64,281.79,60782214,NVDA
2025-03-26,274.55,281.52,273.85,277.79,78602883,NVDA
2025-03-27,288.48,292.79,287.7,291.86,15111325,NVDA
2025-03-28,295.63,296.02,286.14,290.75,23431227,NVDA
2025-03-31,281.31,287.41,277.47,285.33,39022776,NVDA
2025-04-01,296.59,297.88,286.18,286.33,29965080,NVDA
2025-04-02,291.72,294.98,287.61,291.43,49096496,NVDA
2025-04-03,286.6,293.22,284.16,288.77,78797988,NVDA
2025-04-04,296.5,299.32,284.77,290.34,15062949,NVDA
2025-04-07,286.98,293.28,285.61,290.99,58489292,NVDA
2025-04-08,299.13,303.41,297.6,298.24,35188029,NVDA
2025-04-09,308.33,313.29,304.08,307.86,11382974,NVDA
2025-04-10,315.95,319.46,302.64,311.16,86960829,NVDA
2025-04-11,315.89,318.45,302.54,307.53,61205973,NVDA
2025-04-14,314.02,314.74,306.61,312.08,4032406,NVDA
2025-04-15,298.88,307.99,296.75,304.52,45015169,NVDA
2025-04-16,309.35,316.23,300.75,315.37,79088372,NVDA
2025-04-17,317.45,324.54,314.31,319.52,82927977,NVDA
2025-04-18,326.98,327.78,315.8,322.72,28472556,NVDA
2025-04-21,301.59,305.03,297.43,300.69,62745006,NVDA
2025-04-22,325.52,330.33,315.7,323.87,21778372,NVDA
2025-04-23,338.06,347.18,334.51,339.35,48020672,NVDA
2025-04-24,361.18,364.68,348.8,353.6,50676701,NVDA
2025-04-25,350.2,361.39,345.07,355.95,79344624,NVDA
2025-04-28,375.26,378.24,362.69,364.29,85221182,NVDA
2025-04-29,405.93,409.2,396.25,398.32,27780974,NVDA
2025-04-30,395.88,399.71,380.55,391.35,33387600,NVDA
2025-05-01,401.76,405.74,398.57,401.52,10019096,NVDA
2025-05-02,408.73,411.04,399.57,410.19,3553149,NVDA
2025-05-05,413.65,425.55,409.53,413.28,14360441,NVDA
2025-05-06,416.07,420.31,414.75,419.12,33463555,NVDA
2025-05-07,406.03,418.73,405.94,408.27,3450693,NVDA
2025-05-08,413.06,424.36,410.03,417.81,6832487,NVDA
2025-05-09,408.04,408.49,392.96,403.03,50803852,NVDA
2025-05-12,428.6,438.09,418.76,427.57,25516182,NVDA
2025-05-13,443.02,447.94,432.22,439.69,49183561,NVDA
2025-05-14,425.77,433.88,421.25,430.16,80894763,NVDA
2025-05-15,398.14,408.37,398.05,405.35,64405393,NVDA
2025-05-16,402.9,416.4,396.89,408.25,88452122,NVDA
2025-05-19,418.01,422.89,408.56,416.23,46348249,NVDA
2025-05-20,398.64,413.79,398.09,405.54,76239168,NVDA
2025-05-21,432.56,436.33,423.19,428.4,66920470,NVDA
2025-05-22,427.89,438.38,425.64,433.76,31420215,NVDA
2025-05-23,426.93,431.44,422.16,429.55,78556811,NVDA
2025-05-26,415.35,420.95,411.95,413.58,28927791,NVDA
2025-05-27,406.72,424.64,403.45,413.89,26691963,NVDA
2025-05-28,400.56,417.29,394.58,413.24,16184679,NVDA
2025-05-29,430.96,440.03,423.09,423.34,63490990,NVDA
2025-05-30,438.05,450.29,431.45,438.95,79950570,NVDA
2025-06-02,437.3,443.49,432.22,441.35,10693064,NVDA
2025-06-03,460.65,461.85,442.1,449.58,76765927,NVDA
2025-06-04,487.2,487.79,469.94,471.51,45016384,NVDA
2025-06-05,482.99,489.6,479.33,482.6,69392193,NVDA
2025-06-06,483.53,484.89,474.59,481.05,70995014,NVDA
2025-06-09,512.17,517.99,489.37,492.39,63220970,NVDA
2025-06-10,482.59,492.71,476.69,486.91,34978796,NVDA
2025-06-11,505.09,507.54,492.78,495.87,6301965,NVDA
2025-06-12,506.49,509.61,491.69,498.92,30959625,NVDA
2025-06-13,480.87,491.36,475.54,484.84,31682958,NVDA
2025-06-16,488.94,500.54,480.42,496.04,72896685,NVDA
2025-06-17,494.02,503.77,492.9,499.58,25599565,NVDA
2025-06-18,514.43,517.19,505.94,513.1,52293435,NVDA
2025-06-19,498.01,499.64,491.22,495.17,60437997,NVDA
2025-06-20,534.9,542.45,511.28,514.37,7630427,NVDA
2025-06-23,526.99,543.11,526.41,535.01,71184972,NVDA
2025-06-24,533.6,538.61,530.73,531.75,72189663,NVDA
2025-06-25,526.5,534.26,517.9,532.55,54535057,NVDA
2025-06-26,543.02,551.16,528.9,535.7,12758392,NVDA
2025-06-27,541.52,542.07,528.08,537.72,73443937,NVDA
2025-06-30,543.21,558.8,536.33,553.88,37984683,NVDA
2025-07-01,541.07,558.02,531.0,544.4,33858333,NVDA
2025-07-02,528.91,533.81,521.55,528.05,28277909,NVDA
2025-07-03,532.54,548.19,523.2,526.39,10402959,NVDA
2025-07-04,564.72,569.0,558.18,559.8,19841246,NVDA
2025-07-07,561.6,569.18,547.58,555.5,53742390,NVDA
2025-07-08,541.74,548.52,532.75,541.1,18171564,NVDA
2025-07-09,533.57,537.34,518.07,528.33,7288820,NVDA
2025-07-10,534.14,544.72,525.28,533.03,58145873,NVDA
2025-07-11,563.05,563.34,552.28,554.41,36558147,NVDA
2025-07-14,549.5,553.64,531.68,544.21,20303713,NVDA
2025-07-15,542.27,552.47,535.1,549.08,83547215,NVDA
2025-07-16,554.75,556.83,541.23,554.63,8905598,NVDA
2025-07-17,558.5,569.66,557.92,564.49,47329234,NVDA
2025-07-18,568.5,569.4,559.48,568.97,17852048,NVDA
2025-07-21,595.02,595.68,579.8,589.39,5428862,NVDA
2025-07-22,605.34,609.38,593.82,603.86,39321012,NVDA
2025-07-23,594.38,607.59,591.77,594.78,65143123,NVDA
2025-07-24,637.02,644.91,626.91,642.24,66266385,NVDA
2025-07-25,632.89,635.37,616.72,618.43,71027347,NVDA
2025-07-28,597.01,610.15,580.79,596.3,5283533,NVDA
2025-07-29,609.01,620.72,603.53,617.36,26267179,NVDA
2025-07-30,619.13,626.54,618.08,622.95,60846579,NVDA
2025-07-31,629.9,631.3,613.36,620.38,26421079,NVDA
2025-08-01,646.08,656.6,614.75,626.25,18837106,NVDA
2025-08-04,654.54,658.86,640.9,641.52,79129472,NVDA
2025-08-05,632.97,638.83,629.93,635.47,74654140,NVDA
2025-08-06,634.21,635.32,623.73,625.44,84235164,NVDA
2025-08-07,593.3,615.47,587.18,607.91,85960388,NVDA
2025-08-08,602.31,607.31,583.63,594.2,27677585,NVDA
2025-08-11,580.5,585.89,574.55,581.86,41729193,NVDA
2025-08-12,607.38,619.81,597.56,604.29,77644311,NVDA
2025-08-13,600.66,616.38,590.55,611.35,51717940,NVDA
2025-08-14,627.68,632.05,613.76,623.44,51434586,NVDA
2025-08-15,603.68,620.13,597.12,614.83,38757180,NVDA
2025-08-18,621.6,638.1,613.95,636.61,24932697,NVDA
2025-08-19,623.53,628.38,594.71,609.14,72145141,NVDA
2025-08-20,608.9,627.0,601.19,619.84,39033716,NVDA
2025-08-21,644.47,653.0,630.24,634.93,24985941,NVDA
2025-08-22,621.17,629.97,610.95,625.8,17830136,NVDA
2025-08-25,608.14,615.54,597.66,608.51,5688836,NVDA
2025-08-26,620.63,621.82,602.66,620.0,9147937,NVDA
2025-08-27,619.49,630.58,586.59,608.63,26190711,NVDA
2025-08-28,598.62,600.18,584.15,594.12,83289158,NVDA
2025-08-29,588.14,599.44,583.77,595.45,10963878,NVDA
2025-09-01,573.38,581.74,560.05,577.31,80992544,NVDA
2025-09-02,588.68,594.62,570.96,576.58,64623906,NVDA
2025-09-03,627.93,635.73,603.32,614.77,54158105,NVDA
2025-09-04,604.69,615.09,597.24,608.44,28492722,NVDA
2025-09-05,636.2,648.67,623.13,627.15,50788699,NVDA
2025-09-08,609.18,622.37,599.92,609.23,86678492,NVDA
2025-09-09,622.43,627.41,610.08,612.5,28789103,NVDA
2025-09-10,600.57,613.85,584.92,609.23,58315959,NVDA
2025-09-11,615.91,621.97,601.68,607.88,58046009,NVDA
2025-09-12,619.01,624.6,603.36,623.71,40019586,NVDA
2025-09-15,655.15,673.42,646.67,667.46,36347398,NVDA
2025-09-16,673.46,675.55,666.21,666.77,45421575,NVDA
2025-09-17,702.12,708.79,688.86,695.54,68286799,NVDA
2025-09-18,689.59,705.93,679.79,704.91,47388698,NVDA
2025-09-19,698.12,732.35,697.56,722.8,50776784,NVDA
2025-09-22,713.86,722.74,712.01,714.61,69392245,NVDA
2025-09-23,706.69,724.5,697.8,701.45,49614638,NVDA
2025-09-24,693.98,719.0,693.38,699.13,77514933,NVDA
2025-09-25,686.26,695.15,680.06,684.87,55216412,NVDA
2025-09-26,682.59,707.0,674.12,686.56,3802525,NVDA
2025-09-29,661.65,673.2,658.43,666.81,44106008,NVDA
2025-09-30,673.06,677.83,668.68,668.73,35905993,NVDA
2025-10-01,687.04,689.68,670.08,674.15,72107849,NVDA
2025-10-02,719.53,720.11,707.75,714.14,23208206,NVDA
2025-10-03,751.19,760.07,747.01,754.41,65675968,NVDA
2025-10-06,760.64,781.24,757.23,768.24,32252041,NVDA
2025-10-07,761.43,764.22,756.66,758.74,83161557,NVDA
2025-10-08,749.5,797.19,733.6,774.94,88154992,NVDA
2025-10-09,798.17,798.19,790.88,796.52,54032401,NVDA
2025-10-10,793.0,798.86,786.39,794.0,35762008,NVDA
2025-10-13,776.11,786.59,768.85,776.03,3750874,NVDA
2025-10-14,734.45,746.32,722.99,737.17,3616980,NVDA
2025-10-15,736.42,740.02,736.24,738.35,73967428,NVDA
2025-10-16,767.77,790.44,764.77,784.71,55280020,NVDA
2025-10-17,790.01,791.67,771.24,782.0,71019814,NVDA
2025-10-20,789.84,798.37,771.61,793.38,56352278,NVDA
2025-10-21,804.91,810.57,782.46,804.44,86561058,NVDA
2025-10-22,812.74,825.2,802.96,818.61,53134645,NVDA
2025-10-23,821.89,851.16,799.71,840.34,9877265,NVDA
2025-10-24,800.86,804.73,766.11,793.15,63276923,NVDA
2025-10-27,789.42,792.02,786.63,791.8,34065753,NVDA
2025-10-28,800.34,810.25,790.86,803.15,48568492,NVDA
2025-10-29,808.15,820.98,798.12,803.28,70376580,NVDA
2025-10-30,857.42,872.2,834.92,835.76,30156639,NVDA
2025-10-31,828.68,832.36,826.19,828.81,39387409,NVDA
2025-11-03,862.13,872.2,843.96,854.75,7943953,NVDA
2025-11-04,929.91,931.91,898.16,904.32,53055694,NVDA
2025-11-05,896.39,901.99,889.13,900.14,38930858,NVDA
2025-11-06,920.73,939.44,895.55,903.68,27602937,NVDA
2025-11-07,899.52,910.57,879.34,898.5,43264967,NVDA
2025-11-10,936.96,946.1,900.66,922.44,8764634,NVDA
2025-11-11,869.43,878.97,852.92,867.37,48331543,NVDA
2025-11-12,845.0,866.9,822.42,832.47,76742524,NVDA
2025-11-13,818.97,833.01,811.42,827.75,42949166,NVDA
2025-11-14,846.93,852.86,845.71,852.64,56970404,NVDA
2025-11-17,863.33,877.21,854.45,870.88,6514394,NVDA
2025-11-18,849.05,853.94,846.68,852.39,17995800,NVDA
2025-11-19,913.3,921.23,874.64,897.81,61567459,NVDA
2025-11-20,910.41,931.52,878.9,903.88,81572091,NVDA
2025-11-21,899.51,900.42,878.25,889.97,67583767,NVDA
2025-11-24,905.18,912.87,875.66,907.49,28068457,NVDA
2025-11-25,949.29,962.09,934.53,947.29,47122191,NVDA
2025-11-26,955.4,956.24,945.02,948.66,39649661,NVDA
2025-11-27,914.85,924.34,900.64,909.23,60938705,NVDA
2025-11-28,890.48,899.83,890.04,897.33,11331432,NVDA
2025-12-01,898.45,907.49,888.26,903.06,70377775,NVDA
2025-12-02,918.24,933.33,916.19,932.42,55991849,NVDA
2025-12-03,918.81,921.65,901.68,907.78,2599265,NVDA
2025-12-04,933.67,936.7,917.88,918.3,16733990,NVDA
2025-12-05,915.3,923.2,888.35,889.13,46680820,NVDA
2025-12-08,853.53,894.99,845.49,894.41,55776188,NVDA
2025-12-09,873.69,893.24,857.86,862.15,42208628,NVDA
2025-12-10,861.23,867.4,837.17,853.22,16208127,NVDA
2025-12-11,851.0,863.72,813.21,817.72,53173094,NVDA
2025-12-12,791.79,797.15,790.61,796.72,61796392,NVDA
2025-12-15,753.62,767.99,750.41,762.02,28238651,NVDA
2025-12-16,723.38,723.62,719.57,720.53,33785513,NVDA
2025-12-17,734.59,752.25,730.18,750.46,22538302,NVDA
2025-12-18,764.47,785.6,762.84,780.57,51419758,NVDA
2025-12-19,802.29,830.46,790.43,794.92,27964612,NVDA
2025-12-22,769.82,794.55,768.45,789.29,17356120,NVDA
2025-12-23,814.71,839.88,804.52,828.28,84610643,NVDA
2025-12-24,839.53,855.58,819.63,824.34,15951354,NVDA
2025-12-25,846.03,861.45,834.47,838.22,78495839,NVDA
2025-12-26,854.16,874.59,851.96,870.86,77449637,NVDA
2025-12-29,899.05,903.05,879.18,880.16,80076849,NVDA
2025-12-30,925.42,944.76,910.66,924.04,53633739,NVDA
2025-12-31,919.07,931.84,898.29,923.64,45922739,NVDA
2026-01-01,925.28,938.32,920.71,923.01,86039450,NVDA
2026-01-02,929.29,942.66,917.44,930.4,89325389,NVDA
2026-01-05,918.13,928.15,891.0,902.04,31053265,NVDA
2026-01-06,884.53,890.94,868.52,876.7,11747261,NVDA
2026-01-07,889.3,927.4,887.92,901.2,60955933,NVDA
2026-01-08,852.03,866.82,845.77,858.79,87354792,NVDA
2026-01-09,902.89,909.74,881.88,892.33,60784198,NVDA
2026-01-12,895.24,910.68,881.74,903.5,19167035,NVDA
2026-01-13,926.69,943.97,922.67,940.41,62165038,NVDA
2026-01-14,931.69,986.71,915.18,966.45,22363300,NVDA
2026-01-15,1000.98,1005.12,974.97,988.33,76874208,NVDA
2026-01-16,1046.44,1058.32,1032.09,1046.3,15936101,NVDA
2026-01-19,1045.09,1070.61,1044.15,1048.38,34298365,NVDA
2026-01-20,1035.62,1062.02,1025.33,1049.59,48889041,NVDA
2026-01-21,1081.6,1102.45,1071.12,1090.74,2035171,NVDA
2026-01-22,1073.2,1096.49,1049.16,1073.78,47156747,NVDA
2026-01-23,1096.97,1132.64,1090.58,1116.11,12725527,NVDA
2026-01-26,1146.32,1171.36,1129.36,1144.59,81003827,NVDA
2026-01-27,1161.51,1187.96,1108.93,1132.21,72707373,NVDA
2026-01-28,1085.44,1103.55,1084.7,1094.06,6146177,NVDA
2026-01-29,1033.73,1048.26,1027.24,1033.49,83838956,NVDA
2026-01-30,1124.8,1143.14,1091.32,1098.52,57706945,NVDA
2026-02-02,1056.09,1093.76,1051.24,1054.48,69112459,NVDA
2026-02-03,1045.2,1056.56,1009.4,1020.94,64591227,NVDA
2026-02-04,1068.69,1069.1,1041.89,1052.42,62228636,NVDA
2026-02-05,1087.13,1098.88,1056.13,1072.05,86177031,NVDA
2026-02-06,1080.66,1085.42,1071.74,1083.35,57466617,NVDA
2026-02-09,1083.04,1101.02,1080.97,1090.52,16348713,NVDA
2026-02-10,1102.67,1103.74,1072.97,1080.89,27259199,NVDA
2026-02-11,1057.66,1072.53,1035.44,1055.29,41803622,NVDA
2026-02-12,1034.28,1040.74,1028.53,1035.91,8211988,NVDA
2026-02-13,1023.88,1065.14,1018.84,1058.87,49060291,NVDA
2026-02-16,1096.01,1112.8,1082.34,1098.19,56399257,NVDA
2026-02-17,1185.93,1231.68,1132.64,1142.59,77177619,NVDA
2026-02-18,1157.01,1185.98,1136.13,1145.59,80714887,NVDA
2026-02-19,1103.52,1105.05,1073.63,1074.2,38100751,NVDA
2026-02-20,1099.32,1113.5,1084.94,1094.92,40952730,NVDA
2026-02-23,1071.47,1101.62,1070.72,1094.02,44280220,NVDA
2026-02-24,1015.08,1027.72,1011.98,1012.26,17055144,NVDA
2026-02-25,1088.66,1097.88,1053.52,1059.55,30534617,NVDA
2026-02-26,1074.28,1076.76,1056.58,1070.64,69745764,NVDA
2026-02-27,1068.92,1086.42,1063.58,1072.87,11849501,NVDA
2026-03-02,1081.29,1106.62,1069.02,1083.35,2045500,NVDA
2026-03-03,1072.82,1110.01,1067.79,1091.43,82708689,NVDA
2026-03-04,1098.4,1106.62,1095.12,1103.52,25254992,NVDA
2026-03-05,1114.76,1117.18,1088.98,1111.66,39349999,NVDA
2026-03-06,1133.79,1147.02,1103.06,1116.78,18619604,NVDA
2026-03-09,1154.88,1156.56,1138.96,1140.77,56082594,NVDA
2026-03-10,1138.94,1173.92,1130.91,1157.42,11386962,NVDA
2026-03-11,1214.67,1261.22,1180.14,1250.3,36847381,NVDA
2026-03-12,1254.96,1273.93,1252.61,1260.79,60641407,NVDA
2026-03-13,1233.04,1258.86,1212.37,1246.57,26707179,NVDA
2026-03-16,1245.73,1247.37,1203.53,1229.34,16055552,NVDA
2026-03-17,1230.68,1252.29,1213.42,1249.13,3353411,NVDA
2026-03-18,1271.64,1276.13,1249.19,1259.27,41759402,NVDA
2026-03-19,1266.83,1282.86,1257.93,1274.37,2461942,NVDA
2026-03-20,1295.05,1306.56,1264.98,1272.34,68193653,NVDA
2026-03-23,1272.95,1295.28,1258.59,1271.08,89348722,NVDA
2026-03-24,1268.12,1308.2,1251.9,1306.37,21599376,NVDA
2026-03-25,1319.6,1375.6,1303.31,1367.7,89925560,NVDA
2026-03-26,1395.55,1401.5,1376.34,1388.42,6366947,NVDA
2026-03-27,1369.28,1413.35,1352.22,1390.26,15436727,NVDA
2026-03-30,1368.68,1391.75,1330.57,1348.35,79376014,NVDA
2026-03-31,1307.25,1309.54,1300.9,1307.66,22881106,NVDA
2026-04-01,1351.23,1372.34,1307.96,1315.3,81220246,NVDA
2026-04-02,1310.94,1319.46,1308.78,1311.2,67115285,NVDA
2026-04-03,1298.08,1314.76,1280.56,1312.9,65412909,NVDA
2026-04-06,1236.05,1289.16,1219.34,1274.75,44032592,NVDA
2026-04-07,1284.77,1287.36,1255.67,1275.12,78665661,NVDA
2026-04-08,1202.91,1219.76,1202.56,1206.81,82947837,NVDA
2026-04-09,1162.88,1192.46,1160.04,1168.47,48326889,NVDA
2026-04-10,1191.79,1203.48,1140.2,1145.04,46795421,NVDA
2026-04-13,1184.05,1184.71,1168.78,1169.94,41246028,NVDA
2026-04-14,1136.2,1163.51,1129.68,1152.59,36559214,NVDA
2026-04-15,1135.36,1144.04,1119.53,1123.97,50144948,NVDA
2026-04-16,1110.41,1139.34,1103.99,1137.04,47518516,NVDA
2026-04-17,1126.19,1166.44,1123.92,1137.35,54214667,NVDA
2026-04-20,1188.55,1205.03,1167.62,1173.33,62998462,NVDA
2026-04-21,1164.89,1189.71,1157.85,1188.55,5841644,NVDA
2026-04-22,1199.81,1215.74,1184.46,1199.85,26172194,NVDA
2026-04-23,1197.59,1197.83,1151.6,1196.44,63894828,NVDA
2026-04-24,1227.32,1234.34,1212.61,1224.1,55864004,NVDA
2026-04-27,1182.71,1242.56,1173.26,1200.5,79729279,NVDA
2026-04-28,1124.55,1154.42,1113.6,1149.24,61594002,NVDA
2026-04-29,1183.93,1192.68,1181.39,1184.19,24900888,NVDA
2026-04-30,1181.46,1205.2,1158.99,1170.21,88208432,NVDA
2026-05-01,1156.95,1188.15,1139.13,1174.74,50989294,NVDA
2026-05-04,1214.73,1223.23,1194.87,1200.06,55025818,NVDA
2026-05-05,1261.28,1276.21,1229.28,1240.57,12161155,NVDA
2026-05-06,1144.38,1144.87,1113.39,1138.8,23459252,NVDA
2026-05-07,1122.88,1133.79,1103.3,1105.72,84539641,NVDA
2026-05-08,1167.41,1191.84,1121.9,1150.26,54983588,NVDA
2026-05-11,1114.97,1130.55,1085.34,1094.83,28028536,NVDA
2026-05-12,1117.8,1123.37,1112.26,1113.14,84177081,NVDA
2026-05-13,1108.49,1120.73,1098.44,1103.4,87782563,NVDA
2026-05-14,1082.26,1082.91,1067.69,1076.38,33759184,NVDA
2026-05-15,1094.27,1101.12,1068.54,1074.47,32384662,NVDA
2026-05-18,1015.28,1036.16,1006.22,1022.97,9253780,NVDA
2026-05-19,1061.51,1064.2,1035.19,1037.86,53253205,NVDA
2026-05-20,1062.84,1079.23,1062.36,1077.8,66369474,NVDA
2026-05-21,1065.41,1069.48,1033.76,1034.37,23796999,NVDA
2026-05-22,1026.03,1028.25,1013.31,1015.72,13138786,NVDA
2026-05-25,1099.34,1113.41,1048.61,1055.6,9584701,NVDA
2026-05-26,1074.53,1094.22,1059.25,1069.75,88632010,NVDA
2026-05-27,1073.02,1073.29,1053.68,1061.51,53882683,NVDA
2026-05-28,1085.22,1120.11,1070.29,1111.01,8315816,NVDA
2026-05-29,1054.2,1074.37,1043.15,1058.06,8044127,NVDA
2026-06-01,1055.06,1058.15,1047.33,1051.4,23617594,NVDA
2026-06-02,1063.75,1072.77,1054.16,1056.54,5883306,NVDA
2026-06-03,1059.62,1086.04,1044.15,1048.52,53341293,NVDA
2026-06-04,1079.4,1082.56,1058.47,1076.38,64892492,NVDA
2026-06-05,1024.86,1051.85,1022.61,1025.17,16357504,NVDA
2026-06-08,1044.06,1056.75,1004.99,1028.72,60947260,NVDA
2026-06-09,983.91,1011.51,978.22,1006.47,39219763,NVDA
2026-06-10,1039.34,1056.47,1033.44,1045.9,9949737,NVDA
2026-06-11,1093.76,1111.09,1066.05,1081.82,25503783,NVDA
2026-06-12,1059.08,1086.73,1032.37,1059.75,46199111,NVDA
2026-06-15,1046.21,1063.68,1015.52,1026.98,64185911,NVDA
2026-06-16,1017.6,1031.62,1007.26,1027.59,14370862,NVDA
2026-06-17,997.9,1028.54,987.83,1003.11,32220424,NVDA
2026-06-18,997.82,999.17,986.54,987.87,83698614,NVDA
2026-06-19,1030.38,1055.94,990.61,1002.79,28824633,NVDA
2026-06-22,971.9,1004.93,959.56,990.84,12201905,NVDA
2026-06-23,1022.29,1064.09,1020.24,1048.99,57561421,NVDA
2026-06-24,1034.43,1058.49,1030.6,1053.18,41520931,NVDA
2026-06-25,1019.49,1046.65,1013.23,1038.63,87413954,NVDA
2026-06-26,1010.4,1012.12,991.59,1005.93,64819261,NVDA
2026-06-29,1006.63,1007.69,982.66,992.06,25307195,NVDA
2026-06-30,1028.12,1053.88,1016.66,1027.92,86979508,NVDA
2026-07-01,1051.49,1063.09,1043.77,1047.18,66235890,NVDA
2026-07-02,1106.67,1128.55,1085.28,1095.69,79550964,NVDA
2026-07-03,1149.47,1158.54,1129.78,1142.32,21270694,NVDA
2026-07-06,1169.78,1180.93,1163.59,1163.97,61219950,NVDA
2026-07-07,1146.47,1147.83,1141.09,1141.8,50467351,NVDA
2026-07-08,1159.0,1164.3,1117.84,1138.75,11739937,NVDA
2026-07-09,1124.32,1161.05,1115.75,1143.29,10444305,NVDA
2026-07-10,1081.83,1104.71,1057.81,1089.4,15643843,NVDA
2026-07-13,1107.48,1110.58,1100.51,1102.45,55295028,NVDA
2026-07-14,1114.68,1130.74,1068.39,1070.27,54955131,NVDA
2026-07-15,1056.13,1077.38,1051.41,1069.5,16966815,NVDA
2026-07-16,1067.96,1087.5,1049.47,1054.89,88438545,NVDA
2026-07-17,1064.27,1081.46,1032.76,1075.69,31398732,NVDA
2026-07-20,1165.15,1183.35,1135.95,1167.38,3839343,NVDA
